"ID","Registry name","Spawns"
0,"minecraft:badlands","{ creeperoverhaul:badlands_creeper [weight: 75, min: 2, max: 2] }; { creeperoverhaul:cave_creeper [weight: 75, min: 2, max: 2] }; { endermanoverhaul:badlands_enderman [weight: 10, min: 1, max: 4] }; { endermanoverhaul:cave_enderman [weight: 2, min: 1, max: 2] }; { minecraft:skeleton [weight: 100, min: 4, max: 4] }; { minecraft:slime [weight: 100, min: 4, max: 4] }; { minecraft:spider [weight: 100, min: 4, max: 4] }; { minecraft:witch [weight: 5, min: 1, max: 1] }; { minecraft:zombie [weight: 95, min: 4, max: 4] }; { minecraft:zombie_villager [weight: 5, min: 1, max: 1] }; { rottencreatures:undead_miner [weight: 20, min: 1, max: 4] }; { naturalist:rattlesnake [weight: 4, min: 1, max: 1] }; { naturalist:vulture [weight: 15, min: 2, max: 4] }; { minecraft:bat [weight: 10, min: 8, max: 8] }; { minecraft:glow_squid [weight: 10, min: 4, max: 6] }"
1,"minecraft:bamboo_jungle","{ creeperoverhaul:bamboo_creeper [weight: 75, min: 2, max: 2] }; { creeperoverhaul:cave_creeper [weight: 75, min: 2, max: 2] }; { creeperoverhaul:jungle_creeper [weight: 75, min: 2, max: 2] }; { minecraft:enderman [weight: 10, min: 1, max: 4] }; { minecraft:ocelot [weight: 2, min: 1, max: 1] }; { minecraft:skeleton [weight: 100, min: 4, max: 4] }; { minecraft:slime [weight: 100, min: 4, max: 4] }; { minecraft:spider [weight: 100, min: 4, max: 4] }; { minecraft:witch [weight: 5, min: 1, max: 1] }; { minecraft:zombie [weight: 95, min: 4, max: 4] }; { minecraft:zombie_villager [weight: 5, min: 1, max: 1] }; { rottencreatures:undead_miner [weight: 20, min: 1, max: 4] }; { minecraft:chicken [weight: 10, min: 4, max: 4] }; { minecraft:chicken [weight: 10, min: 4, max: 4] }; { minecraft:cow [weight: 8, min: 4, max: 4] }; { minecraft:panda [weight: 80, min: 1, max: 2] }; { minecraft:parrot [weight: 40, min: 1, max: 2] }; { minecraft:pig [weight: 10, min: 4, max: 4] }; { minecraft:sheep [weight: 12, min: 4, max: 4] }; { naturalist:coral_snake [weight: 4, min: 1, max: 1] }; { naturalist:hippo [weight: 15, min: 3, max: 4] }; { naturalist:lizard [weight: 15, min: 1, max: 2] }; { naturalist:tortoise [weight: 6, min: 1, max: 3] }; { minecraft:bat [weight: 10, min: 8, max: 8] }; { minecraft:glow_squid [weight: 10, min: 4, max: 6] }; { hybrid-aquatic:african_butterfly [weight: 2, min: 1, max: 1] }; { hybrid-aquatic:danio [weight: 3, min: 2, max: 3] }; { hybrid-aquatic:discus [weight: 3, min: 1, max: 1] }; { hybrid-aquatic:golden_dorado [weight: 1, min: 1, max: 1] }; { hybrid-aquatic:gourami [weight: 3, min: 1, max: 1] }; { hybrid-aquatic:oscar [weight: 1, min: 1, max: 1] }; { hybrid-aquatic:piranha [weight: 3, min: 2, max: 5] }; { hybrid-aquatic:tetra [weight: 3, min: 2, max: 3] }; { hybrid-aquatic:tiger_barb [weight: 3, min: 2, max: 3] }; { hybrid-aquatic:vampire_crab [weight: 3, min: 1, max: 2] }"
2,"minecraft:basalt_deltas","{ minecraft:ghast [weight: 40, min: 1, max: 1] }; { minecraft:magma_cube [weight: 100, min: 2, max: 5] }; { minecraft:strider [weight: 60, min: 1, max: 2] }"
3,"minecraft:beach","{ creeperoverhaul:beach_creeper [weight: 75, min: 2, max: 2] }; { creeperoverhaul:cave_creeper [weight: 75, min: 2, max: 2] }; { minecraft:enderman [weight: 10, min: 1, max: 4] }; { minecraft:skeleton [weight: 100, min: 4, max: 4] }; { minecraft:slime [weight: 100, min: 4, max: 4] }; { minecraft:spider [weight: 100, min: 4, max: 4] }; { minecraft:witch [weight: 5, min: 1, max: 1] }; { minecraft:zombie [weight: 95, min: 4, max: 4] }; { minecraft:zombie_villager [weight: 5, min: 1, max: 1] }; { rottencreatures:dead_beard [weight: 1, min: 1, max: 1] }; { rottencreatures:undead_miner [weight: 20, min: 1, max: 4] }; { minecraft:turtle [weight: 5, min: 2, max: 5] }; { naturalist:coral_snake [weight: 4, min: 1, max: 1] }; { pesky_seagulls:seagull [weight: 20, min: 3, max: 5] }; { minecraft:bat [weight: 10, min: 8, max: 8] }; { minecraft:glow_squid [weight: 10, min: 4, max: 6] }; { hybrid-aquatic:box_jellyfish [weight: 1, min: 1, max: 1] }; { hybrid-aquatic:moon_jellyfish [weight: 5, min: 3, max: 5] }; { hybrid-aquatic:coconut_crab [weight: 3, min: 1, max: 2] }; { hybrid-aquatic:dungeness_crab [weight: 5, min: 2, max: 3] }; { hybrid-aquatic:ghost_crab [weight: 5, min: 1, max: 3] }; { hybrid-aquatic:hermit_crab [weight: 3, min: 1, max: 2] }; { hybrid-aquatic:starfish [weight: 5, min: 1, max: 3] }"
4,"minecraft:birch_forest","{ minecraft:creeper [weight: 100, min: 4, max: 4] }; { minecraft:enderman [weight: 10, min: 1, max: 4] }; { minecraft:skeleton [weight: 100, min: 4, max: 4] }; { minecraft:slime [weight: 100, min: 4, max: 4] }; { minecraft:spider [weight: 100, min: 4, max: 4] }; { minecraft:witch [weight: 5, min: 1, max: 1] }; { minecraft:zombie [weight: 95, min: 4, max: 4] }; { minecraft:zombie_villager [weight: 5, min: 1, max: 1] }; { rottencreatures:undead_miner [weight: 20, min: 1, max: 4] }; { minecraft:chicken [weight: 10, min: 4, max: 4] }; { minecraft:cow [weight: 8, min: 4, max: 4] }; { minecraft:fox [weight: 6, min: 2, max: 4] }; { minecraft:rabbit [weight: 6, min: 2, max: 3] }; { minecraft:sheep [weight: 12, min: 4, max: 4] }; { naturalist:bear [weight: 8, min: 1, max: 2] }; { naturalist:boar [weight: 15, min: 4, max: 4] }; { naturalist:cardinal [weight: 8, min: 1, max: 4] }; { naturalist:deer [weight: 8, min: 1, max: 3] }; { naturalist:finch [weight: 8, min: 1, max: 4] }; { naturalist:lizard [weight: 15, min: 1, max: 2] }; { naturalist:robin [weight: 8, min: 1, max: 4] }; { naturalist:snail [weight: 5, min: 1, max: 3] }; { naturalist:snake [weight: 4, min: 1, max: 1] }; { minecraft:bat [weight: 10, min: 8, max: 8] }; { minecraft:glow_squid [weight: 10, min: 4, max: 6] }"
5,"spectrum:black_langast","{ minecraft:creeper [weight: 100, min: 4, max: 4] }; { minecraft:skeleton [weight: 100, min: 4, max: 4] }; { minecraft:stray [weight: 25, min: 4, max: 8] }; { minecraft:zombie [weight: 100, min: 4, max: 4] }; { spectrum:eraser [weight: 50, min: 4, max: 8] }; { minecraft:bat [weight: 10, min: 8, max: 8] }"
6,"minecraft:cherry_grove","{ creeperoverhaul:cave_creeper [weight: 75, min: 2, max: 2] }; { creeperoverhaul:hills_creeper [weight: 75, min: 2, max: 2] }; { endermanoverhaul:cave_enderman [weight: 2, min: 1, max: 2] }; { endermanoverhaul:flower_fields_enderman [weight: 5, min: 1, max: 2] }; { minecraft:skeleton [weight: 100, min: 4, max: 4] }; { minecraft:slime [weight: 100, min: 4, max: 4] }; { minecraft:spider [weight: 100, min: 4, max: 4] }; { minecraft:witch [weight: 5, min: 1, max: 1] }; { minecraft:zombie [weight: 95, min: 4, max: 4] }; { minecraft:zombie_villager [weight: 5, min: 1, max: 1] }; { rottencreatures:undead_miner [weight: 20, min: 1, max: 4] }; { minecraft:pig [weight: 1, min: 1, max: 2] }; { minecraft:rabbit [weight: 2, min: 2, max: 6] }; { minecraft:sheep [weight: 2, min: 2, max: 4] }; { naturalist:canary [weight: 8, min: 1, max: 4] }; { naturalist:deer [weight: 8, min: 1, max: 3] }; { naturalist:robin [weight: 8, min: 1, max: 4] }; { naturalist:snail [weight: 5, min: 1, max: 3] }; { naturalist:sparrow [weight: 8, min: 1, max: 4] }; { minecraft:bat [weight: 10, min: 8, max: 8] }; { minecraft:glow_squid [weight: 10, min: 4, max: 6] }; { hybrid-aquatic:carp [weight: 5, min: 1, max: 2] }; { hybrid-aquatic:goldfish [weight: 5, min: 1, max: 2] }"
7,"minecraft:cold_ocean","{ minecraft:creeper [weight: 100, min: 4, max: 4] }; { minecraft:drowned [weight: 5, min: 1, max: 1] }; { minecraft:enderman [weight: 10, min: 1, max: 4] }; { minecraft:skeleton [weight: 100, min: 4, max: 4] }; { minecraft:slime [weight: 100, min: 4, max: 4] }; { minecraft:spider [weight: 100, min: 4, max: 4] }; { minecraft:witch [weight: 5, min: 1, max: 1] }; { minecraft:zombie [weight: 95, min: 4, max: 4] }; { minecraft:zombie_villager [weight: 5, min: 1, max: 1] }; { rottencreatures:undead_miner [weight: 20, min: 1, max: 4] }; { minecraft:bat [weight: 10, min: 8, max: 8] }; { minecraft:glow_squid [weight: 10, min: 4, max: 6] }; { minecraft:squid [weight: 3, min: 1, max: 4] }; { minecraft:cod [weight: 15, min: 3, max: 6] }; { minecraft:salmon [weight: 15, min: 1, max: 5] }; { hybrid-aquatic:mackerel [weight: 5, min: 3, max: 5] }; { hybrid-aquatic:ratfish [weight: 1, min: 1, max: 3] }; { hybrid-aquatic:sea_angel [weight: 1, min: 1, max: 1] }; { hybrid-aquatic:snailfish [weight: 3, min: 1, max: 5] }; { hybrid-aquatic:arrow_squid [weight: 5, min: 1, max: 3] }; { hybrid-aquatic:blue_jellyfish [weight: 3, min: 1, max: 2] }; { hybrid-aquatic:lions_mane_jellyfish [weight: 1, min: 1, max: 2] }; { hybrid-aquatic:nomura_jellyfish [weight: 1, min: 1, max: 2] }; { hybrid-aquatic:basking_shark [weight: 1, min: 1, max: 1] }; { hybrid-aquatic:giant_isopod [weight: 3, min: 1, max: 3] }; { hybrid-aquatic:spider_crab [weight: 3, min: 1, max: 2] }; { hybrid-aquatic:nudibranch [weight: 3, min: 1, max: 2] }; { hybrid-aquatic:sea_cucumber [weight: 3, min: 1, max: 3] }; { hybrid-aquatic:sea_urchin [weight: 5, min: 1, max: 3] }; { hybrid-aquatic:starfish [weight: 5, min: 1, max: 3] }"
8,"minecraft:crimson_forest","{ endermanoverhaul:crimson_forest_enderman [weight: 2, min: 1, max: 2] }; { minecraft:hoglin [weight: 9, min: 3, max: 4] }; { minecraft:piglin [weight: 5, min: 3, max: 4] }; { minecraft:zombified_piglin [weight: 1, min: 2, max: 4] }; { minecraft:strider [weight: 60, min: 1, max: 2] }"
9,"galosphere:crystal_canyons","{ minecraft:creeper [weight: 100, min: 4, max: 4] }; { minecraft:enderman [weight: 10, min: 1, max: 4] }; { minecraft:skeleton [weight: 100, min: 4, max: 4] }; { minecraft:slime [weight: 100, min: 4, max: 4] }; { minecraft:spider [weight: 100, min: 4, max: 4] }; { minecraft:witch [weight: 5, min: 1, max: 1] }; { minecraft:zombie [weight: 95, min: 4, max: 4] }; { minecraft:zombie_villager [weight: 5, min: 1, max: 1] }; { minecraft:bat [weight: 10, min: 8, max: 8] }; { galosphere:sparkle [weight: 10, min: 4, max: 6] }; { minecraft:glow_squid [weight: 10, min: 4, max: 6] }; { minecraft:glow_squid [weight: 10, min: 4, max: 6] }"
10,"spectrum:crystal_gardens","{ minecraft:sniffer [weight: 10, min: 3, max: 4] }; { minecraft:bat [weight: 10, min: 8, max: 8] }; { minecraft:axolotl [weight: 10, min: 1, max: 2] }; { minecraft:glow_squid [weight: 10, min: 1, max: 2] }"
11,"minecraft:dark_forest","{ creeperoverhaul:cave_creeper [weight: 75, min: 2, max: 2] }; { creeperoverhaul:dark_oak_creeper [weight: 75, min: 2, max: 2] }; { endermanoverhaul:cave_enderman [weight: 2, min: 1, max: 2] }; { endermanoverhaul:dark_oak_enderman [weight: 10, min: 1, max: 4] }; { minecraft:skeleton [weight: 100, min: 4, max: 4] }; { minecraft:slime [weight: 100, min: 4, max: 4] }; { minecraft:spider [weight: 100, min: 4, max: 4] }; { minecraft:witch [weight: 5, min: 1, max: 1] }; { minecraft:zombie [weight: 95, min: 4, max: 4] }; { minecraft:zombie_villager [weight: 5, min: 1, max: 1] }; { rottencreatures:undead_miner [weight: 20, min: 1, max: 4] }; { minecraft:chicken [weight: 10, min: 4, max: 4] }; { minecraft:cow [weight: 8, min: 4, max: 4] }; { minecraft:fox [weight: 6, min: 2, max: 4] }; { minecraft:rabbit [weight: 6, min: 2, max: 3] }; { minecraft:sheep [weight: 12, min: 4, max: 4] }; { naturalist:bear [weight: 8, min: 1, max: 2] }; { naturalist:boar [weight: 15, min: 4, max: 4] }; { naturalist:cardinal [weight: 8, min: 1, max: 4] }; { naturalist:deer [weight: 8, min: 1, max: 3] }; { naturalist:finch [weight: 8, min: 1, max: 4] }; { naturalist:lizard [weight: 15, min: 1, max: 2] }; { naturalist:robin [weight: 8, min: 1, max: 4] }; { naturalist:snail [weight: 5, min: 1, max: 3] }; { naturalist:snake [weight: 4, min: 1, max: 1] }; { minecraft:bat [weight: 10, min: 8, max: 8] }; { minecraft:glow_squid [weight: 10, min: 4, max: 6] }"
12,"spectrum:deep_barrens","{ minecraft:creeper [weight: 100, min: 4, max: 4] }; { minecraft:phantom [weight: 5, min: 1, max: 2] }; { minecraft:skeleton [weight: 100, min: 4, max: 4] }; { minecraft:stray [weight: 25, min: 4, max: 8] }; { minecraft:zombie [weight: 100, min: 4, max: 4] }; { minecraft:bat [weight: 10, min: 8, max: 8] }"
13,"minecraft:deep_cold_ocean","{ minecraft:creeper [weight: 100, min: 4, max: 4] }; { minecraft:drowned [weight: 5, min: 1, max: 1] }; { minecraft:enderman [weight: 10, min: 1, max: 4] }; { minecraft:skeleton [weight: 100, min: 4, max: 4] }; { minecraft:slime [weight: 100, min: 4, max: 4] }; { minecraft:spider [weight: 100, min: 4, max: 4] }; { minecraft:witch [weight: 5, min: 1, max: 1] }; { minecraft:zombie [weight: 95, min: 4, max: 4] }; { minecraft:zombie_villager [weight: 5, min: 1, max: 1] }; { rottencreatures:undead_miner [weight: 20, min: 1, max: 4] }; { minecraft:bat [weight: 10, min: 8, max: 8] }; { minecraft:glow_squid [weight: 10, min: 4, max: 6] }; { minecraft:squid [weight: 3, min: 1, max: 4] }; { minecraft:cod [weight: 15, min: 3, max: 6] }; { minecraft:salmon [weight: 15, min: 1, max: 5] }; { hybrid-aquatic:mackerel [weight: 5, min: 3, max: 5] }; { hybrid-aquatic:ratfish [weight: 1, min: 1, max: 3] }; { hybrid-aquatic:sea_angel [weight: 1, min: 1, max: 1] }; { hybrid-aquatic:snailfish [weight: 3, min: 1, max: 5] }; { hybrid-aquatic:arrow_squid [weight: 5, min: 1, max: 3] }; { hybrid-aquatic:blue_jellyfish [weight: 3, min: 1, max: 2] }; { hybrid-aquatic:lions_mane_jellyfish [weight: 1, min: 1, max: 2] }; { hybrid-aquatic:mauve_stinger [weight: 3, min: 1, max: 1] }; { hybrid-aquatic:nomura_jellyfish [weight: 1, min: 1, max: 2] }; { hybrid-aquatic:atolla_jellyfish [weight: 1, min: 1, max: 1] }; { hybrid-aquatic:big_red_jellyfish [weight: 1, min: 1, max: 1] }; { hybrid-aquatic:cosmic_jellyfish [weight: 2, min: 1, max: 1] }; { hybrid-aquatic:firework_jellyfish [weight: 2, min: 1, max: 1] }; { hybrid-aquatic:basking_shark [weight: 1, min: 1, max: 1] }; { hybrid-aquatic:giant_isopod [weight: 3, min: 1, max: 3] }; { hybrid-aquatic:spider_crab [weight: 3, min: 1, max: 2] }; { hybrid-aquatic:yeti_crab [weight: 3, min: 2, max: 2] }; { hybrid-aquatic:nudibranch [weight: 3, min: 1, max: 2] }; { hybrid-aquatic:sea_cucumber [weight: 3, min: 1, max: 3] }; { hybrid-aquatic:sea_cucumber [weight: 3, min: 1, max: 3] }; { hybrid-aquatic:sea_urchin [weight: 5, min: 1, max: 3] }; { hybrid-aquatic:starfish [weight: 5, min: 1, max: 3] }"
14,"minecraft:deep_dark","{ naturalist:snail [weight: 5, min: 1, max: 3] }; { hybrid-aquatic:tetra [weight: 3, min: 2, max: 3] }"
15,"spectrum:deep_dripstone_caves","{ minecraft:drowned [weight: 25, min: 4, max: 8] }; { minecraft:skeleton [weight: 100, min: 4, max: 4] }; { minecraft:slime [weight: 10, min: 1, max: 3] }; { minecraft:zombie [weight: 100, min: 4, max: 4] }; { minecraft:bat [weight: 10, min: 8, max: 8] }; { minecraft:cod [weight: 15, min: 3, max: 6] }; { minecraft:salmon [weight: 15, min: 1, max: 5] }"
16,"minecraft:deep_frozen_ocean","{ minecraft:creeper [weight: 100, min: 4, max: 4] }; { minecraft:drowned [weight: 5, min: 1, max: 1] }; { minecraft:enderman [weight: 10, min: 1, max: 4] }; { minecraft:skeleton [weight: 100, min: 4, max: 4] }; { minecraft:slime [weight: 100, min: 4, max: 4] }; { minecraft:spider [weight: 100, min: 4, max: 4] }; { minecraft:witch [weight: 5, min: 1, max: 1] }; { minecraft:zombie [weight: 95, min: 4, max: 4] }; { minecraft:zombie_villager [weight: 5, min: 1, max: 1] }; { rottencreatures:undead_miner [weight: 20, min: 1, max: 4] }; { minecraft:polar_bear [weight: 1, min: 1, max: 2] }; { minecraft:bat [weight: 10, min: 8, max: 8] }; { minecraft:glow_squid [weight: 10, min: 4, max: 6] }; { minecraft:squid [weight: 1, min: 1, max: 4] }; { minecraft:salmon [weight: 15, min: 1, max: 5] }; { hybrid-aquatic:sea_angel [weight: 1, min: 1, max: 1] }; { hybrid-aquatic:snailfish [weight: 3, min: 1, max: 5] }; { hybrid-aquatic:arrow_squid [weight: 5, min: 1, max: 3] }; { hybrid-aquatic:lions_mane_jellyfish [weight: 1, min: 1, max: 2] }; { hybrid-aquatic:mauve_stinger [weight: 3, min: 1, max: 1] }; { hybrid-aquatic:nomura_jellyfish [weight: 1, min: 1, max: 2] }; { hybrid-aquatic:atolla_jellyfish [weight: 1, min: 1, max: 1] }; { hybrid-aquatic:big_red_jellyfish [weight: 1, min: 1, max: 1] }; { hybrid-aquatic:cosmic_jellyfish [weight: 2, min: 1, max: 1] }; { hybrid-aquatic:firework_jellyfish [weight: 2, min: 1, max: 1] }; { hybrid-aquatic:basking_shark [weight: 1, min: 1, max: 1] }; { hybrid-aquatic:yeti_crab [weight: 3, min: 2, max: 2] }; { hybrid-aquatic:nudibranch [weight: 3, min: 1, max: 2] }; { hybrid-aquatic:sea_cucumber [weight: 3, min: 1, max: 3] }; { hybrid-aquatic:sea_cucumber [weight: 3, min: 1, max: 3] }; { hybrid-aquatic:sea_urchin [weight: 5, min: 1, max: 3] }; { hybrid-aquatic:starfish [weight: 5, min: 1, max: 3] }"
17,"minecraft:deep_lukewarm_ocean","{ creeperoverhaul:cave_creeper [weight: 75, min: 2, max: 2] }; { creeperoverhaul:ocean_creeper [weight: 2, min: 1, max: 1] }; { minecraft:drowned [weight: 5, min: 1, max: 1] }; { minecraft:enderman [weight: 10, min: 1, max: 4] }; { minecraft:skeleton [weight: 100, min: 4, max: 4] }; { minecraft:slime [weight: 100, min: 4, max: 4] }; { minecraft:spider [weight: 100, min: 4, max: 4] }; { minecraft:witch [weight: 5, min: 1, max: 1] }; { minecraft:zombie [weight: 95, min: 4, max: 4] }; { minecraft:zombie_villager [weight: 5, min: 1, max: 1] }; { rottencreatures:undead_miner [weight: 20, min: 1, max: 4] }; { minecraft:bat [weight: 10, min: 8, max: 8] }; { minecraft:glow_squid [weight: 10, min: 4, max: 6] }; { minecraft:dolphin [weight: 2, min: 1, max: 2] }; { minecraft:squid [weight: 8, min: 1, max: 4] }; { minecraft:cod [weight: 8, min: 3, max: 6] }; { minecraft:pufferfish [weight: 5, min: 1, max: 3] }; { minecraft:tropical_fish [weight: 25, min: 8, max: 8] }; { hybrid-aquatic:damselfish [weight: 5, min: 3, max: 5] }; { hybrid-aquatic:flashlight_fish [weight: 5, min: 3, max: 5] }; { hybrid-aquatic:flying_fish [weight: 5, min: 2, max: 6] }; { hybrid-aquatic:mahi [weight: 3, min: 1, max: 3] }; { hybrid-aquatic:manta_ray [weight: 1, min: 1, max: 1] }; { hybrid-aquatic:needlefish [weight: 3, min: 1, max: 3] }; { hybrid-aquatic:opah [weight: 3, min: 1, max: 1] }; { hybrid-aquatic:rockfish [weight: 3, min: 1, max: 3] }; { hybrid-aquatic:sea_bass [weight: 3, min: 1, max: 3] }; { hybrid-aquatic:squirrelfish [weight: 5, min: 3, max: 5] }; { hybrid-aquatic:sunfish [weight: 1, min: 1, max: 1] }; { hybrid-aquatic:tuna [weight: 3, min: 1, max: 3] }; { hybrid-aquatic:anglerfish [weight: 1, min: 1, max: 2] }; { hybrid-aquatic:barreleye [weight: 1, min: 1, max: 1] }; { hybrid-aquatic:coelacanth [weight: 1, min: 1, max: 2] }; { hybrid-aquatic:dragonfish [weight: 1, min: 1, max: 2] }; { hybrid-aquatic:john_dory [weight: 2, min: 1, max: 3] }; { hybrid-aquatic:oarfish [weight: 1, min: 1, max: 1] }; { hybrid-aquatic:ratfish [weight: 1, min: 1, max: 3] }; { hybrid-aquatic:snailfish [weight: 3, min: 1, max: 5] }; { hybrid-aquatic:firefly_squid [weight: 5, min: 3, max: 5] }; { hybrid-aquatic:glowing_sucker_octopus [weight: 2, min: 1, max: 1] }; { hybrid-aquatic:nautilus [weight: 3, min: 1, max: 2] }; { hybrid-aquatic:umbrella_octopus [weight: 1, min: 1, max: 1] }; { hybrid-aquatic:vampire_squid [weight: 2, min: 1, max: 1] }; { hybrid-aquatic:barrel_jellyfish [weight: 5, min: 1, max: 2] }; { hybrid-aquatic:box_jellyfish [weight: 1, min: 1, max: 1] }; { hybrid-aquatic:cauliflower_jellyfish [weight: 5, min: 1, max: 3] }; { hybrid-aquatic:mauve_stinger [weight: 3, min: 1, max: 1] }; { hybrid-aquatic:moon_jellyfish [weight: 5, min: 3, max: 5] }; { hybrid-aquatic:sea_nettle [weight: 5, min: 3, max: 5] }; { hybrid-aquatic:atolla_jellyfish [weight: 1, min: 1, max: 1] }; { hybrid-aquatic:big_red_jellyfish [weight: 1, min: 1, max: 1] }; { hybrid-aquatic:cosmic_jellyfish [weight: 2, min: 1, max: 1] }; { hybrid-aquatic:firework_jellyfish [weight: 2, min: 1, max: 1] }; { hybrid-aquatic:bull_shark [weight: 2, min: 1, max: 1] }; { hybrid-aquatic:great_white_shark [weight: 1, min: 1, max: 1] }; { hybrid-aquatic:thresher_shark [weight: 3, min: 1, max: 1] }; { hybrid-aquatic:whale_shark [weight: 1, min: 1, max: 1] }; { hybrid-aquatic:frilled_shark [weight: 3, min: 1, max: 1] }; { hybrid-aquatic:lantern_shark [weight: 3, min: 1, max: 2] }; { hybrid-aquatic:nudibranch [weight: 3, min: 1, max: 2] }; { hybrid-aquatic:sea_cucumber [weight: 3, min: 1, max: 3] }; { hybrid-aquatic:sea_cucumber [weight: 3, min: 1, max: 3] }; { hybrid-aquatic:sea_urchin [weight: 5, min: 1, max: 3] }; { hybrid-aquatic:starfish [weight: 5, min: 1, max: 3] }"
18,"minecraft:deep_ocean","{ minecraft:creeper [weight: 100, min: 4, max: 4] }; { minecraft:drowned [weight: 5, min: 1, max: 1] }; { minecraft:enderman [weight: 10, min: 1, max: 4] }; { minecraft:skeleton [weight: 100, min: 4, max: 4] }; { minecraft:slime [weight: 100, min: 4, max: 4] }; { minecraft:spider [weight: 100, min: 4, max: 4] }; { minecraft:witch [weight: 5, min: 1, max: 1] }; { minecraft:zombie [weight: 95, min: 4, max: 4] }; { minecraft:zombie_villager [weight: 5, min: 1, max: 1] }; { rottencreatures:undead_miner [weight: 20, min: 1, max: 4] }; { minecraft:bat [weight: 10, min: 8, max: 8] }; { minecraft:glow_squid [weight: 10, min: 4, max: 6] }; { minecraft:dolphin [weight: 1, min: 1, max: 2] }; { minecraft:squid [weight: 1, min: 1, max: 4] }; { minecraft:cod [weight: 10, min: 3, max: 6] }; { hybrid-aquatic:mackerel [weight: 5, min: 3, max: 5] }; { hybrid-aquatic:manta_ray [weight: 1, min: 1, max: 1] }; { hybrid-aquatic:needlefish [weight: 3, min: 1, max: 3] }; { hybrid-aquatic:opah [weight: 3, min: 1, max: 1] }; { hybrid-aquatic:sunfish [weight: 1, min: 1, max: 1] }; { hybrid-aquatic:tuna [weight: 3, min: 1, max: 3] }; { hybrid-aquatic:anglerfish [weight: 1, min: 1, max: 2] }; { hybrid-aquatic:barreleye [weight: 1, min: 1, max: 1] }; { hybrid-aquatic:coelacanth [weight: 1, min: 1, max: 2] }; { hybrid-aquatic:dragonfish [weight: 1, min: 1, max: 2] }; { hybrid-aquatic:john_dory [weight: 2, min: 1, max: 3] }; { hybrid-aquatic:oarfish [weight: 1, min: 1, max: 1] }; { hybrid-aquatic:ratfish [weight: 1, min: 1, max: 3] }; { hybrid-aquatic:snailfish [weight: 3, min: 1, max: 5] }; { hybrid-aquatic:barrel_jellyfish [weight: 5, min: 1, max: 2] }; { hybrid-aquatic:blue_jellyfish [weight: 3, min: 1, max: 2] }; { hybrid-aquatic:compass_jellyfish [weight: 3, min: 2, max: 3] }; { hybrid-aquatic:fried_egg_jellyfish [weight: 5, min: 1, max: 3] }; { hybrid-aquatic:mauve_stinger [weight: 3, min: 1, max: 1] }; { hybrid-aquatic:moon_jellyfish [weight: 5, min: 3, max: 5] }; { hybrid-aquatic:atolla_jellyfish [weight: 1, min: 1, max: 1] }; { hybrid-aquatic:big_red_jellyfish [weight: 1, min: 1, max: 1] }; { hybrid-aquatic:cosmic_jellyfish [weight: 2, min: 1, max: 1] }; { hybrid-aquatic:firework_jellyfish [weight: 2, min: 1, max: 1] }; { hybrid-aquatic:basking_shark [weight: 1, min: 1, max: 1] }; { hybrid-aquatic:great_white_shark [weight: 1, min: 1, max: 1] }; { hybrid-aquatic:hammerhead_shark [weight: 3, min: 1, max: 3] }; { hybrid-aquatic:thresher_shark [weight: 3, min: 1, max: 1] }; { hybrid-aquatic:tiger_shark [weight: 2, min: 1, max: 2] }; { hybrid-aquatic:lantern_shark [weight: 3, min: 1, max: 2] }; { hybrid-aquatic:giant_isopod [weight: 3, min: 1, max: 3] }; { hybrid-aquatic:spider_crab [weight: 3, min: 1, max: 2] }; { hybrid-aquatic:nudibranch [weight: 3, min: 1, max: 2] }; { hybrid-aquatic:sea_cucumber [weight: 3, min: 1, max: 3] }; { hybrid-aquatic:sea_cucumber [weight: 3, min: 1, max: 3] }; { hybrid-aquatic:sea_urchin [weight: 5, min: 1, max: 3] }; { hybrid-aquatic:starfish [weight: 5, min: 1, max: 3] }"
19,"terrablender:deferred_placeholder",""
20,"minecraft:desert","{ creeperoverhaul:cave_creeper [weight: 75, min: 2, max: 2] }; { creeperoverhaul:desert_creeper [weight: 75, min: 2, max: 2] }; { endermanoverhaul:cave_enderman [weight: 2, min: 1, max: 2] }; { endermanoverhaul:desert_enderman [weight: 10, min: 1, max: 4] }; { minecraft:husk [weight: 80, min: 4, max: 4] }; { minecraft:skeleton [weight: 100, min: 4, max: 4] }; { minecraft:slime [weight: 100, min: 4, max: 4] }; { minecraft:spider [weight: 100, min: 4, max: 4] }; { minecraft:witch [weight: 5, min: 1, max: 1] }; { minecraft:zombie [weight: 19, min: 4, max: 4] }; { minecraft:zombie_villager [weight: 1, min: 1, max: 1] }; { rottencreatures:mummy [weight: 20, min: 1, max: 3] }; { rottencreatures:undead_miner [weight: 20, min: 1, max: 4] }; { minecraft:rabbit [weight: 4, min: 2, max: 3] }; { naturalist:cardinal [weight: 8, min: 1, max: 4] }; { naturalist:lizard [weight: 15, min: 1, max: 2] }; { naturalist:rattlesnake [weight: 4, min: 1, max: 1] }; { naturalist:tortoise [weight: 6, min: 1, max: 3] }; { naturalist:vulture [weight: 15, min: 2, max: 4] }; { minecraft:bat [weight: 10, min: 8, max: 8] }; { minecraft:glow_squid [weight: 10, min: 4, max: 6] }"
21,"spectrum:dragonrot_swamp","{ minecraft:creeper [weight: 100, min: 4, max: 4] }; { minecraft:drowned [weight: 400, min: 4, max: 8] }; { minecraft:phantom [weight: 5, min: 1, max: 2] }; { minecraft:skeleton [weight: 100, min: 4, max: 4] }; { minecraft:spider [weight: 10, min: 4, max: 4] }; { spectrum:eraser [weight: 50, min: 4, max: 8] }; { minecraft:bat [weight: 10, min: 8, max: 8] }"
22,"minecraft:dripstone_caves","{ creeperoverhaul:cave_creeper [weight: 75, min: 2, max: 2] }; { creeperoverhaul:dripstone_creeper [weight: 75, min: 2, max: 2] }; { endermanoverhaul:cave_enderman [weight: 2, min: 1, max: 2] }; { minecraft:drowned [weight: 95, min: 4, max: 4] }; { minecraft:skeleton [weight: 100, min: 4, max: 4] }; { minecraft:slime [weight: 100, min: 4, max: 4] }; { minecraft:spider [weight: 100, min: 4, max: 4] }; { minecraft:witch [weight: 5, min: 1, max: 1] }; { minecraft:zombie [weight: 95, min: 4, max: 4] }; { minecraft:zombie_villager [weight: 5, min: 1, max: 1] }; { rottencreatures:undead_miner [weight: 20, min: 1, max: 4] }; { naturalist:snail [weight: 5, min: 1, max: 3] }; { minecraft:bat [weight: 10, min: 8, max: 8] }; { minecraft:glow_squid [weight: 10, min: 4, max: 6] }; { hybrid-aquatic:tetra [weight: 3, min: 2, max: 3] }"
23,"minecraft:end_barrens","{ endermanoverhaul:end_enderman [weight: 2, min: 1, max: 2] }; { minecraft:enderman [weight: 10, min: 4, max: 4] }"
24,"minecraft:end_highlands","{ endermanoverhaul:end_enderman [weight: 2, min: 1, max: 2] }; { endermanoverhaul:end_islands_enderman [weight: 1, min: 1, max: 1] }; { minecraft:enderman [weight: 10, min: 4, max: 4] }"
25,"minecraft:end_midlands","{ endermanoverhaul:end_enderman [weight: 2, min: 1, max: 2] }; { endermanoverhaul:end_islands_enderman [weight: 1, min: 1, max: 1] }; { minecraft:enderman [weight: 10, min: 4, max: 4] }"
26,"minecraft:eroded_badlands","{ creeperoverhaul:badlands_creeper [weight: 75, min: 2, max: 2] }; { creeperoverhaul:cave_creeper [weight: 75, min: 2, max: 2] }; { endermanoverhaul:badlands_enderman [weight: 10, min: 1, max: 4] }; { endermanoverhaul:cave_enderman [weight: 2, min: 1, max: 2] }; { minecraft:skeleton [weight: 100, min: 4, max: 4] }; { minecraft:slime [weight: 100, min: 4, max: 4] }; { minecraft:spider [weight: 100, min: 4, max: 4] }; { minecraft:witch [weight: 5, min: 1, max: 1] }; { minecraft:zombie [weight: 95, min: 4, max: 4] }; { minecraft:zombie_villager [weight: 5, min: 1, max: 1] }; { rottencreatures:undead_miner [weight: 20, min: 1, max: 4] }; { naturalist:rattlesnake [weight: 4, min: 1, max: 1] }; { naturalist:vulture [weight: 15, min: 2, max: 4] }; { minecraft:bat [weight: 10, min: 8, max: 8] }; { minecraft:glow_squid [weight: 10, min: 4, max: 6] }"
27,"minecraft:flower_forest","{ endermanoverhaul:cave_enderman [weight: 2, min: 1, max: 2] }; { endermanoverhaul:flower_fields_enderman [weight: 5, min: 1, max: 2] }; { minecraft:creeper [weight: 100, min: 4, max: 4] }; { minecraft:skeleton [weight: 100, min: 4, max: 4] }; { minecraft:slime [weight: 100, min: 4, max: 4] }; { minecraft:spider [weight: 100, min: 4, max: 4] }; { minecraft:witch [weight: 5, min: 1, max: 1] }; { minecraft:zombie [weight: 95, min: 4, max: 4] }; { minecraft:zombie_villager [weight: 5, min: 1, max: 1] }; { rottencreatures:undead_miner [weight: 20, min: 1, max: 4] }; { minecraft:chicken [weight: 10, min: 4, max: 4] }; { minecraft:cow [weight: 8, min: 4, max: 4] }; { minecraft:fox [weight: 6, min: 2, max: 4] }; { minecraft:rabbit [weight: 4, min: 2, max: 3] }; { minecraft:rabbit [weight: 6, min: 2, max: 3] }; { minecraft:sheep [weight: 12, min: 4, max: 4] }; { naturalist:bear [weight: 8, min: 1, max: 2] }; { naturalist:boar [weight: 15, min: 4, max: 4] }; { naturalist:cardinal [weight: 8, min: 1, max: 4] }; { naturalist:deer [weight: 8, min: 1, max: 3] }; { naturalist:finch [weight: 8, min: 1, max: 4] }; { naturalist:lizard [weight: 15, min: 1, max: 2] }; { naturalist:robin [weight: 8, min: 1, max: 4] }; { naturalist:snail [weight: 5, min: 1, max: 3] }; { naturalist:snake [weight: 4, min: 1, max: 1] }; { minecraft:bat [weight: 10, min: 8, max: 8] }; { minecraft:glow_squid [weight: 10, min: 4, max: 6] }"
28,"minecraft:forest","{ minecraft:creeper [weight: 100, min: 4, max: 4] }; { minecraft:enderman [weight: 10, min: 1, max: 4] }; { minecraft:skeleton [weight: 100, min: 4, max: 4] }; { minecraft:slime [weight: 100, min: 4, max: 4] }; { minecraft:spider [weight: 100, min: 4, max: 4] }; { minecraft:witch [weight: 5, min: 1, max: 1] }; { minecraft:zombie [weight: 95, min: 4, max: 4] }; { minecraft:zombie_villager [weight: 5, min: 1, max: 1] }; { rottencreatures:undead_miner [weight: 20, min: 1, max: 4] }; { minecraft:chicken [weight: 10, min: 4, max: 4] }; { minecraft:cow [weight: 8, min: 4, max: 4] }; { minecraft:fox [weight: 6, min: 2, max: 4] }; { minecraft:rabbit [weight: 6, min: 2, max: 3] }; { minecraft:sheep [weight: 12, min: 4, max: 4] }; { minecraft:wolf [weight: 5, min: 4, max: 4] }; { naturalist:bear [weight: 8, min: 1, max: 2] }; { naturalist:boar [weight: 15, min: 4, max: 4] }; { naturalist:cardinal [weight: 8, min: 1, max: 4] }; { naturalist:deer [weight: 8, min: 1, max: 3] }; { naturalist:finch [weight: 8, min: 1, max: 4] }; { naturalist:lizard [weight: 15, min: 1, max: 2] }; { naturalist:robin [weight: 8, min: 1, max: 4] }; { naturalist:snail [weight: 5, min: 1, max: 3] }; { naturalist:snake [weight: 4, min: 1, max: 1] }; { minecraft:bat [weight: 10, min: 8, max: 8] }; { minecraft:glow_squid [weight: 10, min: 4, max: 6] }"
29,"minecraft:frozen_ocean","{ minecraft:drowned [weight: 5, min: 1, max: 1] }; { minecraft:enderman [weight: 10, min: 1, max: 4] }; { minecraft:skeleton [weight: 100, min: 4, max: 4] }; { minecraft:slime [weight: 100, min: 4, max: 4] }; { minecraft:spider [weight: 100, min: 4, max: 4] }; { minecraft:witch [weight: 5, min: 1, max: 1] }; { minecraft:zombie [weight: 95, min: 4, max: 4] }; { minecraft:zombie_villager [weight: 5, min: 1, max: 1] }; { rottencreatures:undead_miner [weight: 20, min: 1, max: 4] }; { ecologics:penguin [weight: 2, min: 4, max: 5] }; { minecraft:polar_bear [weight: 1, min: 1, max: 2] }; { minecraft:bat [weight: 10, min: 8, max: 8] }; { minecraft:glow_squid [weight: 10, min: 4, max: 6] }; { minecraft:squid [weight: 1, min: 1, max: 4] }; { minecraft:salmon [weight: 15, min: 1, max: 5] }; { hybrid-aquatic:sea_angel [weight: 1, min: 1, max: 1] }; { hybrid-aquatic:snailfish [weight: 3, min: 1, max: 5] }; { hybrid-aquatic:arrow_squid [weight: 5, min: 1, max: 3] }; { hybrid-aquatic:lions_mane_jellyfish [weight: 1, min: 1, max: 2] }; { hybrid-aquatic:nomura_jellyfish [weight: 1, min: 1, max: 2] }; { hybrid-aquatic:basking_shark [weight: 1, min: 1, max: 1] }; { hybrid-aquatic:nudibranch [weight: 3, min: 1, max: 2] }; { hybrid-aquatic:sea_cucumber [weight: 3, min: 1, max: 3] }; { hybrid-aquatic:sea_urchin [weight: 5, min: 1, max: 3] }; { hybrid-aquatic:starfish [weight: 5, min: 1, max: 3] }"
30,"minecraft:frozen_peaks","{ creeperoverhaul:cave_creeper [weight: 75, min: 2, max: 2] }; { creeperoverhaul:cave_creeper [weight: 75, min: 2, max: 2] }; { creeperoverhaul:snowy_creeper [weight: 75, min: 2, max: 2] }; { minecraft:enderman [weight: 10, min: 1, max: 4] }; { minecraft:skeleton [weight: 100, min: 4, max: 4] }; { minecraft:slime [weight: 100, min: 4, max: 4] }; { minecraft:spider [weight: 100, min: 4, max: 4] }; { minecraft:witch [weight: 5, min: 1, max: 1] }; { minecraft:zombie [weight: 95, min: 4, max: 4] }; { minecraft:zombie_villager [weight: 5, min: 1, max: 1] }; { rottencreatures:undead_miner [weight: 20, min: 1, max: 4] }; { minecraft:goat [weight: 5, min: 1, max: 3] }; { naturalist:bluejay [weight: 8, min: 1, max: 4] }; { naturalist:canary [weight: 8, min: 1, max: 4] }; { naturalist:robin [weight: 8, min: 1, max: 4] }; { naturalist:snail [weight: 5, min: 1, max: 3] }; { minecraft:bat [weight: 10, min: 8, max: 8] }; { minecraft:glow_squid [weight: 10, min: 4, max: 6] }"
31,"minecraft:frozen_river","{ creeperoverhaul:cave_creeper [weight: 75, min: 2, max: 2] }; { creeperoverhaul:snowy_creeper [weight: 75, min: 2, max: 2] }; { minecraft:drowned [weight: 1, min: 1, max: 1] }; { minecraft:enderman [weight: 10, min: 1, max: 4] }; { minecraft:skeleton [weight: 100, min: 4, max: 4] }; { minecraft:slime [weight: 100, min: 4, max: 4] }; { minecraft:spider [weight: 100, min: 4, max: 4] }; { minecraft:witch [weight: 5, min: 1, max: 1] }; { minecraft:zombie [weight: 95, min: 4, max: 4] }; { minecraft:zombie_villager [weight: 5, min: 1, max: 1] }; { rottencreatures:undead_miner [weight: 20, min: 1, max: 4] }; { ecologics:penguin [weight: 2, min: 4, max: 5] }; { naturalist:coral_snake [weight: 4, min: 1, max: 1] }; { naturalist:duck [weight: 15, min: 1, max: 3] }; { naturalist:snail [weight: 5, min: 1, max: 3] }; { minecraft:bat [weight: 10, min: 8, max: 8] }; { minecraft:glow_squid [weight: 10, min: 4, max: 6] }; { minecraft:squid [weight: 2, min: 1, max: 4] }; { minecraft:salmon [weight: 5, min: 1, max: 5] }; { naturalist:bass [weight: 8, min: 4, max: 4] }"
32,"minecraft:grove","{ creeperoverhaul:cave_creeper [weight: 75, min: 2, max: 2] }; { creeperoverhaul:snowy_creeper [weight: 75, min: 2, max: 2] }; { minecraft:enderman [weight: 10, min: 1, max: 4] }; { minecraft:skeleton [weight: 100, min: 4, max: 4] }; { minecraft:slime [weight: 100, min: 4, max: 4] }; { minecraft:spider [weight: 100, min: 4, max: 4] }; { minecraft:witch [weight: 5, min: 1, max: 1] }; { minecraft:zombie [weight: 95, min: 4, max: 4] }; { minecraft:zombie_villager [weight: 5, min: 1, max: 1] }; { rottencreatures:undead_miner [weight: 20, min: 1, max: 4] }; { minecraft:chicken [weight: 10, min: 4, max: 4] }; { minecraft:cow [weight: 8, min: 4, max: 4] }; { minecraft:fox [weight: 6, min: 2, max: 4] }; { minecraft:fox [weight: 8, min: 2, max: 4] }; { minecraft:rabbit [weight: 4, min: 2, max: 3] }; { minecraft:rabbit [weight: 6, min: 2, max: 3] }; { minecraft:sheep [weight: 12, min: 4, max: 4] }; { minecraft:wolf [weight: 8, min: 4, max: 4] }; { naturalist:bear [weight: 8, min: 1, max: 2] }; { naturalist:boar [weight: 15, min: 4, max: 4] }; { naturalist:cardinal [weight: 8, min: 1, max: 4] }; { naturalist:deer [weight: 8, min: 1, max: 3] }; { naturalist:finch [weight: 8, min: 1, max: 4] }; { naturalist:lizard [weight: 15, min: 1, max: 2] }; { naturalist:robin [weight: 8, min: 1, max: 4] }; { naturalist:snail [weight: 5, min: 1, max: 3] }; { naturalist:snake [weight: 4, min: 1, max: 1] }; { minecraft:bat [weight: 10, min: 8, max: 8] }; { minecraft:glow_squid [weight: 10, min: 4, max: 6] }"
33,"spectrum:howling_spires",""
34,"minecraft:ice_spikes","{ creeperoverhaul:cave_creeper [weight: 75, min: 2, max: 2] }; { creeperoverhaul:snowy_creeper [weight: 75, min: 2, max: 2] }; { endermanoverhaul:cave_enderman [weight: 2, min: 1, max: 2] }; { endermanoverhaul:ice_spikes_enderman [weight: 10, min: 1, max: 4] }; { minecraft:skeleton [weight: 20, min: 4, max: 4] }; { minecraft:slime [weight: 100, min: 4, max: 4] }; { minecraft:spider [weight: 100, min: 4, max: 4] }; { minecraft:stray [weight: 80, min: 4, max: 4] }; { minecraft:witch [weight: 5, min: 1, max: 1] }; { minecraft:zombie [weight: 95, min: 4, max: 4] }; { minecraft:zombie_villager [weight: 5, min: 1, max: 1] }; { rottencreatures:frostbitten [weight: 80, min: 4, max: 4] }; { rottencreatures:glacial_hunter [weight: 20, min: 1, max: 3] }; { rottencreatures:undead_miner [weight: 20, min: 1, max: 4] }; { minecraft:polar_bear [weight: 1, min: 1, max: 2] }; { minecraft:rabbit [weight: 10, min: 2, max: 3] }; { naturalist:bluejay [weight: 8, min: 1, max: 4] }; { minecraft:bat [weight: 10, min: 8, max: 8] }; { minecraft:glow_squid [weight: 10, min: 4, max: 6] }"
35,"minecraft:jagged_peaks","{ creeperoverhaul:cave_creeper [weight: 75, min: 2, max: 2] }; { creeperoverhaul:cave_creeper [weight: 75, min: 2, max: 2] }; { creeperoverhaul:snowy_creeper [weight: 75, min: 2, max: 2] }; { minecraft:enderman [weight: 10, min: 1, max: 4] }; { minecraft:skeleton [weight: 100, min: 4, max: 4] }; { minecraft:slime [weight: 100, min: 4, max: 4] }; { minecraft:spider [weight: 100, min: 4, max: 4] }; { minecraft:witch [weight: 5, min: 1, max: 1] }; { minecraft:zombie [weight: 95, min: 4, max: 4] }; { minecraft:zombie_villager [weight: 5, min: 1, max: 1] }; { rottencreatures:undead_miner [weight: 20, min: 1, max: 4] }; { minecraft:goat [weight: 5, min: 1, max: 3] }; { naturalist:canary [weight: 8, min: 1, max: 4] }; { naturalist:robin [weight: 8, min: 1, max: 4] }; { naturalist:snail [weight: 5, min: 1, max: 3] }; { minecraft:bat [weight: 10, min: 8, max: 8] }; { minecraft:glow_squid [weight: 10, min: 4, max: 6] }"
36,"minecraft:jungle","{ creeperoverhaul:bamboo_creeper [weight: 75, min: 2, max: 2] }; { creeperoverhaul:cave_creeper [weight: 75, min: 2, max: 2] }; { creeperoverhaul:jungle_creeper [weight: 75, min: 2, max: 2] }; { minecraft:enderman [weight: 10, min: 1, max: 4] }; { minecraft:ocelot [weight: 2, min: 1, max: 3] }; { minecraft:skeleton [weight: 100, min: 4, max: 4] }; { minecraft:slime [weight: 100, min: 4, max: 4] }; { minecraft:spider [weight: 100, min: 4, max: 4] }; { minecraft:witch [weight: 5, min: 1, max: 1] }; { minecraft:zombie [weight: 95, min: 4, max: 4] }; { minecraft:zombie_villager [weight: 5, min: 1, max: 1] }; { rottencreatures:undead_miner [weight: 20, min: 1, max: 4] }; { minecraft:chicken [weight: 10, min: 4, max: 4] }; { minecraft:chicken [weight: 10, min: 4, max: 4] }; { minecraft:cow [weight: 8, min: 4, max: 4] }; { minecraft:panda [weight: 1, min: 1, max: 2] }; { minecraft:parrot [weight: 40, min: 1, max: 2] }; { minecraft:pig [weight: 10, min: 4, max: 4] }; { minecraft:sheep [weight: 12, min: 4, max: 4] }; { naturalist:coral_snake [weight: 4, min: 1, max: 1] }; { naturalist:hippo [weight: 15, min: 3, max: 4] }; { naturalist:lizard [weight: 15, min: 1, max: 2] }; { naturalist:tortoise [weight: 6, min: 1, max: 3] }; { minecraft:bat [weight: 10, min: 8, max: 8] }; { minecraft:glow_squid [weight: 10, min: 4, max: 6] }; { hybrid-aquatic:african_butterfly [weight: 2, min: 1, max: 1] }; { hybrid-aquatic:danio [weight: 3, min: 2, max: 3] }; { hybrid-aquatic:discus [weight: 3, min: 1, max: 1] }; { hybrid-aquatic:golden_dorado [weight: 1, min: 1, max: 1] }; { hybrid-aquatic:gourami [weight: 3, min: 1, max: 1] }; { hybrid-aquatic:oscar [weight: 1, min: 1, max: 1] }; { hybrid-aquatic:piranha [weight: 3, min: 2, max: 5] }; { hybrid-aquatic:tetra [weight: 3, min: 2, max: 3] }; { hybrid-aquatic:tiger_barb [weight: 3, min: 2, max: 3] }; { hybrid-aquatic:vampire_crab [weight: 3, min: 1, max: 2] }"
37,"minecraft:lava_sea","{ minecraft:strider [weight: 60, min: 1, max: 2] }"
38,"galosphere:lichen_caves","{ minecraft:creeper [weight: 100, min: 4, max: 4] }; { minecraft:enderman [weight: 10, min: 1, max: 4] }; { minecraft:skeleton [weight: 100, min: 4, max: 4] }; { minecraft:slime [weight: 100, min: 4, max: 4] }; { minecraft:spider [weight: 100, min: 4, max: 4] }; { minecraft:witch [weight: 5, min: 1, max: 1] }; { minecraft:zombie [weight: 95, min: 4, max: 4] }; { minecraft:zombie_villager [weight: 5, min: 1, max: 1] }; { galosphere:spectre [weight: 20, min: 8, max: 8] }; { minecraft:bat [weight: 10, min: 8, max: 8] }; { minecraft:glow_squid [weight: 10, min: 4, max: 6] }"
39,"minecraft:lukewarm_ocean","{ creeperoverhaul:cave_creeper [weight: 75, min: 2, max: 2] }; { creeperoverhaul:ocean_creeper [weight: 2, min: 1, max: 1] }; { minecraft:drowned [weight: 5, min: 1, max: 1] }; { minecraft:enderman [weight: 10, min: 1, max: 4] }; { minecraft:skeleton [weight: 100, min: 4, max: 4] }; { minecraft:slime [weight: 100, min: 4, max: 4] }; { minecraft:spider [weight: 100, min: 4, max: 4] }; { minecraft:witch [weight: 5, min: 1, max: 1] }; { minecraft:zombie [weight: 95, min: 4, max: 4] }; { minecraft:zombie_villager [weight: 5, min: 1, max: 1] }; { rottencreatures:undead_miner [weight: 20, min: 1, max: 4] }; { minecraft:bat [weight: 10, min: 8, max: 8] }; { minecraft:glow_squid [weight: 10, min: 4, max: 6] }; { minecraft:dolphin [weight: 2, min: 1, max: 2] }; { minecraft:squid [weight: 10, min: 1, max: 2] }; { minecraft:cod [weight: 15, min: 3, max: 6] }; { minecraft:pufferfish [weight: 5, min: 1, max: 3] }; { minecraft:tropical_fish [weight: 25, min: 8, max: 8] }; { hybrid-aquatic:damselfish [weight: 5, min: 3, max: 5] }; { hybrid-aquatic:flashlight_fish [weight: 5, min: 3, max: 5] }; { hybrid-aquatic:flying_fish [weight: 5, min: 2, max: 6] }; { hybrid-aquatic:needlefish [weight: 3, min: 1, max: 3] }; { hybrid-aquatic:rockfish [weight: 3, min: 1, max: 3] }; { hybrid-aquatic:sea_bass [weight: 3, min: 1, max: 3] }; { hybrid-aquatic:squirrelfish [weight: 5, min: 3, max: 5] }; { hybrid-aquatic:stingray [weight: 3, min: 1, max: 2] }; { hybrid-aquatic:anglerfish [weight: 1, min: 1, max: 2] }; { hybrid-aquatic:barreleye [weight: 1, min: 1, max: 1] }; { hybrid-aquatic:coelacanth [weight: 1, min: 1, max: 2] }; { hybrid-aquatic:dragonfish [weight: 1, min: 1, max: 2] }; { hybrid-aquatic:john_dory [weight: 2, min: 1, max: 3] }; { hybrid-aquatic:oarfish [weight: 1, min: 1, max: 1] }; { hybrid-aquatic:ratfish [weight: 1, min: 1, max: 3] }; { hybrid-aquatic:snailfish [weight: 3, min: 1, max: 5] }; { hybrid-aquatic:firefly_squid [weight: 5, min: 3, max: 5] }; { hybrid-aquatic:glowing_sucker_octopus [weight: 2, min: 1, max: 1] }; { hybrid-aquatic:nautilus [weight: 3, min: 1, max: 2] }; { hybrid-aquatic:umbrella_octopus [weight: 1, min: 1, max: 1] }; { hybrid-aquatic:vampire_squid [weight: 2, min: 1, max: 1] }; { hybrid-aquatic:barrel_jellyfish [weight: 5, min: 1, max: 2] }; { hybrid-aquatic:box_jellyfish [weight: 1, min: 1, max: 1] }; { hybrid-aquatic:cauliflower_jellyfish [weight: 5, min: 1, max: 3] }; { hybrid-aquatic:moon_jellyfish [weight: 5, min: 3, max: 5] }; { hybrid-aquatic:sea_nettle [weight: 5, min: 3, max: 5] }; { hybrid-aquatic:hammerhead_shark [weight: 3, min: 1, max: 3] }; { hybrid-aquatic:tiger_shark [weight: 2, min: 1, max: 2] }; { hybrid-aquatic:frilled_shark [weight: 3, min: 1, max: 1] }; { hybrid-aquatic:lantern_shark [weight: 3, min: 1, max: 2] }; { hybrid-aquatic:flower_crab [weight: 3, min: 1, max: 2] }; { hybrid-aquatic:hermit_crab [weight: 3, min: 1, max: 2] }; { hybrid-aquatic:horseshoe_crab [weight: 3, min: 1, max: 1] }; { hybrid-aquatic:lobster [weight: 3, min: 1, max: 2] }; { hybrid-aquatic:nudibranch [weight: 3, min: 1, max: 2] }; { hybrid-aquatic:sea_cucumber [weight: 3, min: 1, max: 3] }; { hybrid-aquatic:sea_urchin [weight: 5, min: 1, max: 3] }; { hybrid-aquatic:starfish [weight: 5, min: 1, max: 3] }"
40,"minecraft:lush_caves","{ creeperoverhaul:cave_creeper [weight: 75, min: 2, max: 2] }; { creeperoverhaul:dripstone_creeper [weight: 75, min: 2, max: 2] }; { endermanoverhaul:cave_enderman [weight: 2, min: 1, max: 2] }; { minecraft:skeleton [weight: 100, min: 4, max: 4] }; { minecraft:slime [weight: 100, min: 4, max: 4] }; { minecraft:spider [weight: 100, min: 4, max: 4] }; { minecraft:witch [weight: 5, min: 1, max: 1] }; { minecraft:zombie [weight: 95, min: 4, max: 4] }; { minecraft:zombie_villager [weight: 5, min: 1, max: 1] }; { rottencreatures:undead_miner [weight: 20, min: 1, max: 4] }; { naturalist:snail [weight: 5, min: 1, max: 3] }; { minecraft:bat [weight: 10, min: 8, max: 8] }; { minecraft:axolotl [weight: 10, min: 4, max: 6] }; { minecraft:glow_squid [weight: 10, min: 4, max: 6] }; { minecraft:tropical_fish [weight: 25, min: 8, max: 8] }; { hybrid-aquatic:tetra [weight: 3, min: 2, max: 3] }"
41,"minecraft:mangrove_swamp","{ endermanoverhaul:cave_enderman [weight: 2, min: 1, max: 2] }; { endermanoverhaul:swamp_enderman [weight: 10, min: 1, max: 4] }; { minecraft:creeper [weight: 100, min: 4, max: 4] }; { minecraft:skeleton [weight: 100, min: 4, max: 4] }; { minecraft:slime [weight: 1, min: 1, max: 1] }; { minecraft:slime [weight: 100, min: 4, max: 4] }; { minecraft:spider [weight: 100, min: 4, max: 4] }; { minecraft:witch [weight: 5, min: 1, max: 1] }; { minecraft:zombie [weight: 95, min: 4, max: 4] }; { minecraft:zombie_villager [weight: 5, min: 1, max: 1] }; { rottencreatures:undead_miner [weight: 20, min: 1, max: 4] }; { minecraft:frog [weight: 10, min: 2, max: 5] }; { naturalist:alligator [weight: 15, min: 1, max: 2] }; { naturalist:cardinal [weight: 8, min: 1, max: 4] }; { naturalist:dragonfly [weight: 8, min: 2, max: 3] }; { naturalist:duck [weight: 15, min: 1, max: 3] }; { naturalist:lizard [weight: 15, min: 1, max: 2] }; { naturalist:snail [weight: 5, min: 1, max: 3] }; { naturalist:snake [weight: 4, min: 1, max: 1] }; { naturalist:tortoise [weight: 6, min: 1, max: 3] }; { minecraft:bat [weight: 10, min: 8, max: 8] }; { minecraft:glow_squid [weight: 10, min: 4, max: 6] }; { minecraft:tropical_fish [weight: 25, min: 8, max: 8] }; { naturalist:bass [weight: 8, min: 4, max: 4] }; { naturalist:catfish [weight: 5, min: 1, max: 1] }; { hybrid-aquatic:african_butterfly [weight: 2, min: 1, max: 1] }; { hybrid-aquatic:betta [weight: 1, min: 1, max: 1] }; { hybrid-aquatic:danio [weight: 3, min: 2, max: 3] }; { hybrid-aquatic:discus [weight: 3, min: 1, max: 1] }; { hybrid-aquatic:gourami [weight: 3, min: 1, max: 1] }; { hybrid-aquatic:oscar [weight: 1, min: 1, max: 1] }; { hybrid-aquatic:tetra [weight: 3, min: 2, max: 3] }; { hybrid-aquatic:tiger_barb [weight: 3, min: 2, max: 3] }; { hybrid-aquatic:box_jellyfish [weight: 1, min: 1, max: 1] }; { hybrid-aquatic:fiddler_crab [weight: 5, min: 2, max: 3] }; { hybrid-aquatic:flower_crab [weight: 3, min: 1, max: 2] }"
42,"minecraft:meadow","{ creeperoverhaul:cave_creeper [weight: 75, min: 2, max: 2] }; { creeperoverhaul:hills_creeper [weight: 75, min: 2, max: 2] }; { endermanoverhaul:cave_enderman [weight: 2, min: 1, max: 2] }; { endermanoverhaul:flower_fields_enderman [weight: 5, min: 1, max: 2] }; { minecraft:skeleton [weight: 100, min: 4, max: 4] }; { minecraft:slime [weight: 100, min: 4, max: 4] }; { minecraft:spider [weight: 100, min: 4, max: 4] }; { minecraft:witch [weight: 5, min: 1, max: 1] }; { minecraft:zombie [weight: 95, min: 4, max: 4] }; { minecraft:zombie_villager [weight: 5, min: 1, max: 1] }; { rottencreatures:undead_miner [weight: 20, min: 1, max: 4] }; { minecraft:donkey [weight: 1, min: 1, max: 2] }; { minecraft:rabbit [weight: 2, min: 2, max: 6] }; { minecraft:sheep [weight: 2, min: 2, max: 4] }; { naturalist:canary [weight: 8, min: 1, max: 4] }; { naturalist:robin [weight: 8, min: 1, max: 4] }; { naturalist:snail [weight: 5, min: 1, max: 3] }; { minecraft:bat [weight: 10, min: 8, max: 8] }; { minecraft:glow_squid [weight: 10, min: 4, max: 6] }"
43,"minecraft:mushroom_fields","{ creeperoverhaul:mushroom_creeper [weight: 10, min: 1, max: 2] }; { minecraft:mooshroom [weight: 8, min: 4, max: 8] }; { naturalist:snail [weight: 5, min: 1, max: 3] }; { endermanoverhaul:mushroom_fields_enderman [weight: 1, min: 1, max: 2] }; { minecraft:bat [weight: 10, min: 8, max: 8] }; { minecraft:glow_squid [weight: 10, min: 4, max: 6] }"
44,"minecraft:nether_wastes","{ endermanoverhaul:nether_wastes_enderman [weight: 1, min: 4, max: 4] }; { minecraft:ghast [weight: 50, min: 4, max: 4] }; { minecraft:magma_cube [weight: 2, min: 4, max: 4] }; { minecraft:piglin [weight: 15, min: 4, max: 4] }; { minecraft:zombified_piglin [weight: 100, min: 4, max: 4] }; { rottencreatures:burned [weight: 20, min: 4, max: 4] }; { minecraft:strider [weight: 60, min: 1, max: 2] }"
45,"spectrum:noxshroom_forest","{ minecraft:cave_spider [weight: 100, min: 4, max: 8] }; { minecraft:skeleton [weight: 100, min: 4, max: 4] }; { minecraft:zombie [weight: 100, min: 4, max: 4] }; { minecraft:bat [weight: 10, min: 8, max: 8] }"
46,"minecraft:ocean","{ minecraft:creeper [weight: 100, min: 4, max: 4] }; { minecraft:drowned [weight: 5, min: 1, max: 1] }; { minecraft:enderman [weight: 10, min: 1, max: 4] }; { minecraft:skeleton [weight: 100, min: 4, max: 4] }; { minecraft:slime [weight: 100, min: 4, max: 4] }; { minecraft:spider [weight: 100, min: 4, max: 4] }; { minecraft:witch [weight: 5, min: 1, max: 1] }; { minecraft:zombie [weight: 95, min: 4, max: 4] }; { minecraft:zombie_villager [weight: 5, min: 1, max: 1] }; { rottencreatures:undead_miner [weight: 20, min: 1, max: 4] }; { minecraft:bat [weight: 10, min: 8, max: 8] }; { minecraft:glow_squid [weight: 10, min: 4, max: 6] }; { minecraft:dolphin [weight: 1, min: 1, max: 2] }; { minecraft:squid [weight: 1, min: 1, max: 4] }; { minecraft:cod [weight: 10, min: 3, max: 6] }; { hybrid-aquatic:mackerel [weight: 5, min: 3, max: 5] }; { hybrid-aquatic:needlefish [weight: 3, min: 1, max: 3] }; { hybrid-aquatic:rockfish [weight: 3, min: 1, max: 3] }; { hybrid-aquatic:sea_bass [weight: 3, min: 1, max: 3] }; { hybrid-aquatic:anglerfish [weight: 1, min: 1, max: 2] }; { hybrid-aquatic:barreleye [weight: 1, min: 1, max: 1] }; { hybrid-aquatic:coelacanth [weight: 1, min: 1, max: 2] }; { hybrid-aquatic:dragonfish [weight: 1, min: 1, max: 2] }; { hybrid-aquatic:john_dory [weight: 2, min: 1, max: 3] }; { hybrid-aquatic:oarfish [weight: 1, min: 1, max: 1] }; { hybrid-aquatic:ratfish [weight: 1, min: 1, max: 3] }; { hybrid-aquatic:snailfish [weight: 3, min: 1, max: 5] }; { hybrid-aquatic:barrel_jellyfish [weight: 5, min: 1, max: 2] }; { hybrid-aquatic:blue_jellyfish [weight: 3, min: 1, max: 2] }; { hybrid-aquatic:compass_jellyfish [weight: 3, min: 2, max: 3] }; { hybrid-aquatic:fried_egg_jellyfish [weight: 5, min: 1, max: 3] }; { hybrid-aquatic:moon_jellyfish [weight: 5, min: 3, max: 5] }; { hybrid-aquatic:basking_shark [weight: 1, min: 1, max: 1] }; { hybrid-aquatic:hammerhead_shark [weight: 3, min: 1, max: 3] }; { hybrid-aquatic:tiger_shark [weight: 2, min: 1, max: 2] }; { hybrid-aquatic:lantern_shark [weight: 3, min: 1, max: 2] }; { hybrid-aquatic:giant_isopod [weight: 3, min: 1, max: 3] }; { hybrid-aquatic:spider_crab [weight: 3, min: 1, max: 2] }; { hybrid-aquatic:nudibranch [weight: 3, min: 1, max: 2] }; { hybrid-aquatic:sea_cucumber [weight: 3, min: 1, max: 3] }; { hybrid-aquatic:sea_urchin [weight: 5, min: 1, max: 3] }; { hybrid-aquatic:starfish [weight: 5, min: 1, max: 3] }"
47,"minecraft:old_growth_birch_forest","{ minecraft:creeper [weight: 100, min: 4, max: 4] }; { minecraft:enderman [weight: 10, min: 1, max: 4] }; { minecraft:skeleton [weight: 100, min: 4, max: 4] }; { minecraft:slime [weight: 100, min: 4, max: 4] }; { minecraft:spider [weight: 100, min: 4, max: 4] }; { minecraft:witch [weight: 5, min: 1, max: 1] }; { minecraft:zombie [weight: 95, min: 4, max: 4] }; { minecraft:zombie_villager [weight: 5, min: 1, max: 1] }; { rottencreatures:undead_miner [weight: 20, min: 1, max: 4] }; { minecraft:chicken [weight: 10, min: 4, max: 4] }; { minecraft:cow [weight: 8, min: 4, max: 4] }; { minecraft:fox [weight: 6, min: 2, max: 4] }; { minecraft:rabbit [weight: 6, min: 2, max: 3] }; { minecraft:sheep [weight: 12, min: 4, max: 4] }; { naturalist:bear [weight: 8, min: 1, max: 2] }; { naturalist:boar [weight: 15, min: 4, max: 4] }; { naturalist:cardinal [weight: 8, min: 1, max: 4] }; { naturalist:deer [weight: 8, min: 1, max: 3] }; { naturalist:finch [weight: 8, min: 1, max: 4] }; { naturalist:lizard [weight: 15, min: 1, max: 2] }; { naturalist:robin [weight: 8, min: 1, max: 4] }; { naturalist:snail [weight: 5, min: 1, max: 3] }; { naturalist:snake [weight: 4, min: 1, max: 1] }; { minecraft:bat [weight: 10, min: 8, max: 8] }; { minecraft:glow_squid [weight: 10, min: 4, max: 6] }"
48,"minecraft:old_growth_pine_taiga","{ creeperoverhaul:cave_creeper [weight: 75, min: 2, max: 2] }; { creeperoverhaul:spruce_creeper [weight: 75, min: 2, max: 2] }; { minecraft:enderman [weight: 10, min: 1, max: 4] }; { minecraft:skeleton [weight: 100, min: 4, max: 4] }; { minecraft:slime [weight: 100, min: 4, max: 4] }; { minecraft:spider [weight: 100, min: 4, max: 4] }; { minecraft:witch [weight: 5, min: 1, max: 1] }; { minecraft:zombie [weight: 100, min: 4, max: 4] }; { minecraft:zombie_villager [weight: 25, min: 1, max: 1] }; { rottencreatures:undead_miner [weight: 20, min: 1, max: 4] }; { minecraft:chicken [weight: 10, min: 4, max: 4] }; { minecraft:cow [weight: 8, min: 4, max: 4] }; { minecraft:fox [weight: 8, min: 2, max: 4] }; { minecraft:pig [weight: 10, min: 4, max: 4] }; { minecraft:rabbit [weight: 4, min: 2, max: 3] }; { minecraft:sheep [weight: 12, min: 4, max: 4] }; { minecraft:wolf [weight: 8, min: 4, max: 4] }; { naturalist:bear [weight: 8, min: 1, max: 2] }; { naturalist:bluejay [weight: 8, min: 1, max: 4] }; { minecraft:bat [weight: 10, min: 8, max: 8] }; { minecraft:glow_squid [weight: 10, min: 4, max: 6] }"
49,"minecraft:old_growth_spruce_taiga","{ creeperoverhaul:cave_creeper [weight: 75, min: 2, max: 2] }; { creeperoverhaul:spruce_creeper [weight: 75, min: 2, max: 2] }; { minecraft:enderman [weight: 10, min: 1, max: 4] }; { minecraft:skeleton [weight: 100, min: 4, max: 4] }; { minecraft:slime [weight: 100, min: 4, max: 4] }; { minecraft:spider [weight: 100, min: 4, max: 4] }; { minecraft:witch [weight: 5, min: 1, max: 1] }; { minecraft:zombie [weight: 95, min: 4, max: 4] }; { minecraft:zombie_villager [weight: 5, min: 1, max: 1] }; { rottencreatures:undead_miner [weight: 20, min: 1, max: 4] }; { minecraft:chicken [weight: 10, min: 4, max: 4] }; { minecraft:cow [weight: 8, min: 4, max: 4] }; { minecraft:fox [weight: 8, min: 2, max: 4] }; { minecraft:pig [weight: 10, min: 4, max: 4] }; { minecraft:rabbit [weight: 4, min: 2, max: 3] }; { minecraft:sheep [weight: 12, min: 4, max: 4] }; { minecraft:wolf [weight: 8, min: 4, max: 4] }; { naturalist:bear [weight: 8, min: 1, max: 2] }; { naturalist:bluejay [weight: 8, min: 1, max: 4] }; { minecraft:bat [weight: 10, min: 8, max: 8] }; { minecraft:glow_squid [weight: 10, min: 4, max: 6] }"
50,"galosphere:pink_salt_caves","{ minecraft:creeper [weight: 100, min: 4, max: 4] }; { minecraft:enderman [weight: 10, min: 1, max: 4] }; { minecraft:skeleton [weight: 100, min: 4, max: 4] }; { minecraft:slime [weight: 100, min: 4, max: 4] }; { minecraft:spider [weight: 100, min: 4, max: 4] }; { minecraft:witch [weight: 5, min: 1, max: 1] }; { minecraft:zombie [weight: 95, min: 4, max: 4] }; { minecraft:zombie_villager [weight: 5, min: 1, max: 1] }; { minecraft:bat [weight: 10, min: 8, max: 8] }; { minecraft:glow_squid [weight: 10, min: 4, max: 6] }"
51,"minecraft:plains","{ minecraft:creeper [weight: 100, min: 4, max: 4] }; { minecraft:enderman [weight: 10, min: 1, max: 4] }; { minecraft:skeleton [weight: 100, min: 4, max: 4] }; { minecraft:slime [weight: 100, min: 4, max: 4] }; { minecraft:spider [weight: 100, min: 4, max: 4] }; { minecraft:witch [weight: 5, min: 1, max: 1] }; { minecraft:zombie [weight: 95, min: 4, max: 4] }; { minecraft:zombie_villager [weight: 5, min: 1, max: 1] }; { rottencreatures:undead_miner [weight: 20, min: 1, max: 4] }; { ecologics:squirrel [weight: 10, min: 2, max: 3] }; { minecraft:chicken [weight: 10, min: 4, max: 4] }; { minecraft:cow [weight: 8, min: 4, max: 4] }; { minecraft:donkey [weight: 1, min: 1, max: 3] }; { minecraft:horse [weight: 5, min: 2, max: 6] }; { minecraft:pig [weight: 10, min: 4, max: 4] }; { minecraft:sheep [weight: 12, min: 4, max: 4] }; { naturalist:robin [weight: 8, min: 1, max: 4] }; { naturalist:snail [weight: 5, min: 1, max: 3] }; { naturalist:snake [weight: 4, min: 1, max: 1] }; { naturalist:sparrow [weight: 8, min: 1, max: 4] }; { minecraft:bat [weight: 10, min: 8, max: 8] }; { minecraft:glow_squid [weight: 10, min: 4, max: 6] }"
52,"spectrum:razor_edge","{ minecraft:creeper [weight: 100, min: 4, max: 4] }; { minecraft:phantom [weight: 5, min: 1, max: 2] }; { minecraft:skeleton [weight: 100, min: 4, max: 4] }; { minecraft:stray [weight: 200, min: 4, max: 8] }; { minecraft:zombie [weight: 100, min: 4, max: 4] }; { minecraft:bat [weight: 10, min: 8, max: 8] }"
53,"minecraft:river","{ minecraft:creeper [weight: 100, min: 4, max: 4] }; { minecraft:drowned [weight: 100, min: 1, max: 1] }; { minecraft:enderman [weight: 10, min: 1, max: 4] }; { minecraft:skeleton [weight: 100, min: 4, max: 4] }; { minecraft:slime [weight: 100, min: 4, max: 4] }; { minecraft:spider [weight: 100, min: 4, max: 4] }; { minecraft:witch [weight: 5, min: 1, max: 1] }; { minecraft:zombie [weight: 95, min: 4, max: 4] }; { minecraft:zombie_villager [weight: 5, min: 1, max: 1] }; { rottencreatures:undead_miner [weight: 20, min: 1, max: 4] }; { naturalist:coral_snake [weight: 4, min: 1, max: 1] }; { naturalist:duck [weight: 15, min: 1, max: 3] }; { naturalist:snail [weight: 5, min: 1, max: 3] }; { minecraft:bat [weight: 10, min: 8, max: 8] }; { minecraft:glow_squid [weight: 10, min: 4, max: 6] }; { minecraft:squid [weight: 2, min: 1, max: 4] }; { minecraft:salmon [weight: 5, min: 1, max: 5] }; { naturalist:bass [weight: 8, min: 4, max: 4] }; { hybrid-aquatic:carp [weight: 5, min: 1, max: 2] }; { hybrid-aquatic:golden_dorado [weight: 1, min: 1, max: 1] }; { hybrid-aquatic:crayfish [weight: 5, min: 2, max: 3] }"
54,"minecraft:rocky_beach","{ creeperoverhaul:beach_creeper [weight: 75, min: 2, max: 2] }; { creeperoverhaul:cave_creeper [weight: 75, min: 2, max: 2] }; { minecraft:enderman [weight: 10, min: 1, max: 4] }; { minecraft:skeleton [weight: 100, min: 4, max: 4] }; { minecraft:slime [weight: 100, min: 4, max: 4] }; { minecraft:spider [weight: 100, min: 4, max: 4] }; { minecraft:witch [weight: 5, min: 1, max: 1] }; { minecraft:zombie [weight: 95, min: 4, max: 4] }; { minecraft:zombie_villager [weight: 5, min: 1, max: 1] }; { rottencreatures:dead_beard [weight: 1, min: 1, max: 1] }; { rottencreatures:undead_miner [weight: 20, min: 1, max: 4] }; { naturalist:coral_snake [weight: 4, min: 1, max: 1] }; { minecraft:bat [weight: 10, min: 8, max: 8] }; { minecraft:glow_squid [weight: 10, min: 4, max: 6] }"
55,"minecraft:savanna","{ creeperoverhaul:cave_creeper [weight: 75, min: 2, max: 2] }; { creeperoverhaul:savannah_creeper [weight: 75, min: 2, max: 2] }; { endermanoverhaul:cave_enderman [weight: 2, min: 1, max: 2] }; { endermanoverhaul:savanna_enderman [weight: 10, min: 1, max: 4] }; { minecraft:skeleton [weight: 100, min: 4, max: 4] }; { minecraft:slime [weight: 100, min: 4, max: 4] }; { minecraft:spider [weight: 100, min: 4, max: 4] }; { minecraft:witch [weight: 5, min: 1, max: 1] }; { minecraft:zombie [weight: 95, min: 4, max: 4] }; { minecraft:zombie_villager [weight: 5, min: 1, max: 1] }; { rottencreatures:undead_miner [weight: 20, min: 1, max: 4] }; { minecraft:donkey [weight: 1, min: 1, max: 1] }; { minecraft:horse [weight: 1, min: 2, max: 6] }; { naturalist:boar [weight: 15, min: 4, max: 4] }; { naturalist:cardinal [weight: 8, min: 1, max: 4] }; { naturalist:elephant [weight: 10, min: 2, max: 3] }; { naturalist:finch [weight: 8, min: 1, max: 4] }; { naturalist:giraffe [weight: 10, min: 2, max: 4] }; { naturalist:hippo [weight: 15, min: 3, max: 4] }; { naturalist:lion [weight: 8, min: 3, max: 5] }; { naturalist:rattlesnake [weight: 4, min: 1, max: 1] }; { naturalist:rhino [weight: 15, min: 1, max: 3] }; { naturalist:snail [weight: 5, min: 1, max: 3] }; { naturalist:vulture [weight: 15, min: 2, max: 4] }; { naturalist:zebra [weight: 10, min: 2, max: 3] }; { minecraft:bat [weight: 10, min: 8, max: 8] }; { minecraft:glow_squid [weight: 10, min: 4, max: 6] }"
56,"minecraft:savanna_plateau","{ creeperoverhaul:cave_creeper [weight: 75, min: 2, max: 2] }; { creeperoverhaul:savannah_creeper [weight: 75, min: 2, max: 2] }; { endermanoverhaul:cave_enderman [weight: 2, min: 1, max: 2] }; { endermanoverhaul:savanna_enderman [weight: 10, min: 1, max: 4] }; { minecraft:skeleton [weight: 100, min: 4, max: 4] }; { minecraft:slime [weight: 100, min: 4, max: 4] }; { minecraft:spider [weight: 100, min: 4, max: 4] }; { minecraft:witch [weight: 5, min: 1, max: 1] }; { minecraft:zombie [weight: 95, min: 4, max: 4] }; { minecraft:zombie_villager [weight: 5, min: 1, max: 1] }; { rottencreatures:undead_miner [weight: 20, min: 1, max: 4] }; { minecraft:donkey [weight: 1, min: 1, max: 1] }; { minecraft:horse [weight: 1, min: 2, max: 6] }; { minecraft:llama [weight: 8, min: 4, max: 4] }; { naturalist:boar [weight: 15, min: 4, max: 4] }; { naturalist:cardinal [weight: 8, min: 1, max: 4] }; { naturalist:elephant [weight: 10, min: 2, max: 3] }; { naturalist:finch [weight: 8, min: 1, max: 4] }; { naturalist:giraffe [weight: 10, min: 2, max: 4] }; { naturalist:hippo [weight: 15, min: 3, max: 4] }; { naturalist:lion [weight: 8, min: 3, max: 5] }; { naturalist:rattlesnake [weight: 4, min: 1, max: 1] }; { naturalist:rhino [weight: 15, min: 1, max: 3] }; { naturalist:snail [weight: 5, min: 1, max: 3] }; { naturalist:vulture [weight: 15, min: 2, max: 4] }; { naturalist:zebra [weight: 10, min: 2, max: 3] }; { minecraft:bat [weight: 10, min: 8, max: 8] }; { minecraft:glow_squid [weight: 10, min: 4, max: 6] }"
57,"minecraft:small_end_islands","{ endermanoverhaul:end_enderman [weight: 2, min: 1, max: 2] }; { minecraft:enderman [weight: 10, min: 4, max: 4] }"
58,"minecraft:snowy_beach","{ creeperoverhaul:beach_creeper [weight: 75, min: 2, max: 2] }; { creeperoverhaul:cave_creeper [weight: 75, min: 2, max: 2] }; { creeperoverhaul:cave_creeper [weight: 75, min: 2, max: 2] }; { creeperoverhaul:snowy_creeper [weight: 75, min: 2, max: 2] }; { endermanoverhaul:cave_enderman [weight: 2, min: 1, max: 2] }; { endermanoverhaul:snowy_enderman [weight: 10, min: 1, max: 4] }; { minecraft:skeleton [weight: 100, min: 4, max: 4] }; { minecraft:slime [weight: 100, min: 4, max: 4] }; { minecraft:spider [weight: 100, min: 4, max: 4] }; { minecraft:witch [weight: 5, min: 1, max: 1] }; { minecraft:zombie [weight: 95, min: 4, max: 4] }; { minecraft:zombie_villager [weight: 5, min: 1, max: 1] }; { rottencreatures:dead_beard [weight: 1, min: 1, max: 1] }; { rottencreatures:undead_miner [weight: 20, min: 1, max: 4] }; { naturalist:bluejay [weight: 8, min: 1, max: 4] }; { naturalist:coral_snake [weight: 4, min: 1, max: 1] }; { minecraft:bat [weight: 10, min: 8, max: 8] }; { minecraft:glow_squid [weight: 10, min: 4, max: 6] }"
59,"minecraft:snowy_plains","{ creeperoverhaul:cave_creeper [weight: 75, min: 2, max: 2] }; { creeperoverhaul:snowy_creeper [weight: 75, min: 2, max: 2] }; { endermanoverhaul:cave_enderman [weight: 2, min: 1, max: 2] }; { endermanoverhaul:snowy_enderman [weight: 10, min: 1, max: 4] }; { minecraft:skeleton [weight: 20, min: 4, max: 4] }; { minecraft:slime [weight: 100, min: 4, max: 4] }; { minecraft:spider [weight: 100, min: 4, max: 4] }; { minecraft:stray [weight: 80, min: 4, max: 4] }; { minecraft:witch [weight: 5, min: 1, max: 1] }; { minecraft:zombie [weight: 95, min: 4, max: 4] }; { minecraft:zombie_villager [weight: 5, min: 1, max: 1] }; { rottencreatures:frostbitten [weight: 80, min: 4, max: 4] }; { rottencreatures:glacial_hunter [weight: 20, min: 1, max: 3] }; { rottencreatures:undead_miner [weight: 20, min: 1, max: 4] }; { ecologics:penguin [weight: 2, min: 4, max: 5] }; { minecraft:polar_bear [weight: 1, min: 1, max: 2] }; { minecraft:rabbit [weight: 10, min: 2, max: 3] }; { naturalist:bluejay [weight: 8, min: 1, max: 4] }; { minecraft:bat [weight: 10, min: 8, max: 8] }; { minecraft:glow_squid [weight: 10, min: 4, max: 6] }"
60,"minecraft:snowy_slopes","{ creeperoverhaul:cave_creeper [weight: 75, min: 2, max: 2] }; { creeperoverhaul:cave_creeper [weight: 75, min: 2, max: 2] }; { creeperoverhaul:snowy_creeper [weight: 75, min: 2, max: 2] }; { endermanoverhaul:cave_enderman [weight: 2, min: 1, max: 2] }; { endermanoverhaul:snowy_enderman [weight: 10, min: 1, max: 4] }; { minecraft:skeleton [weight: 100, min: 4, max: 4] }; { minecraft:slime [weight: 100, min: 4, max: 4] }; { minecraft:spider [weight: 100, min: 4, max: 4] }; { minecraft:witch [weight: 5, min: 1, max: 1] }; { minecraft:zombie [weight: 95, min: 4, max: 4] }; { minecraft:zombie_villager [weight: 5, min: 1, max: 1] }; { rottencreatures:frostbitten [weight: 80, min: 4, max: 4] }; { rottencreatures:glacial_hunter [weight: 20, min: 1, max: 3] }; { rottencreatures:undead_miner [weight: 20, min: 1, max: 4] }; { minecraft:goat [weight: 5, min: 1, max: 3] }; { minecraft:rabbit [weight: 4, min: 2, max: 3] }; { naturalist:bluejay [weight: 8, min: 1, max: 4] }; { naturalist:canary [weight: 8, min: 1, max: 4] }; { naturalist:robin [weight: 8, min: 1, max: 4] }; { naturalist:snail [weight: 5, min: 1, max: 3] }; { minecraft:bat [weight: 10, min: 8, max: 8] }; { minecraft:glow_squid [weight: 10, min: 4, max: 6] }"
61,"minecraft:snowy_taiga","{ creeperoverhaul:cave_creeper [weight: 75, min: 2, max: 2] }; { creeperoverhaul:cave_creeper [weight: 75, min: 2, max: 2] }; { creeperoverhaul:snowy_creeper [weight: 75, min: 2, max: 2] }; { creeperoverhaul:spruce_creeper [weight: 75, min: 2, max: 2] }; { endermanoverhaul:cave_enderman [weight: 2, min: 1, max: 2] }; { endermanoverhaul:snowy_enderman [weight: 10, min: 1, max: 4] }; { minecraft:skeleton [weight: 100, min: 4, max: 4] }; { minecraft:slime [weight: 100, min: 4, max: 4] }; { minecraft:spider [weight: 100, min: 4, max: 4] }; { minecraft:witch [weight: 5, min: 1, max: 1] }; { minecraft:zombie [weight: 95, min: 4, max: 4] }; { minecraft:zombie_villager [weight: 5, min: 1, max: 1] }; { rottencreatures:frostbitten [weight: 80, min: 4, max: 4] }; { rottencreatures:glacial_hunter [weight: 20, min: 1, max: 3] }; { rottencreatures:undead_miner [weight: 20, min: 1, max: 4] }; { minecraft:chicken [weight: 10, min: 4, max: 4] }; { minecraft:cow [weight: 8, min: 4, max: 4] }; { minecraft:fox [weight: 8, min: 2, max: 4] }; { minecraft:pig [weight: 10, min: 4, max: 4] }; { minecraft:rabbit [weight: 4, min: 2, max: 3] }; { minecraft:sheep [weight: 12, min: 4, max: 4] }; { minecraft:wolf [weight: 8, min: 4, max: 4] }; { naturalist:bear [weight: 8, min: 1, max: 2] }; { naturalist:bluejay [weight: 8, min: 1, max: 4] }; { minecraft:bat [weight: 10, min: 8, max: 8] }; { minecraft:glow_squid [weight: 10, min: 4, max: 6] }"
62,"minecraft:soul_sand_valley","{ endermanoverhaul:soulsand_valley_enderman [weight: 2, min: 1, max: 2] }; { minecraft:ghast [weight: 50, min: 4, max: 4] }; { minecraft:skeleton [weight: 20, min: 5, max: 5] }; { minecraft:strider [weight: 60, min: 1, max: 2] }"
63,"minecraft:sparse_jungle","{ creeperoverhaul:bamboo_creeper [weight: 75, min: 2, max: 2] }; { creeperoverhaul:cave_creeper [weight: 75, min: 2, max: 2] }; { creeperoverhaul:jungle_creeper [weight: 75, min: 2, max: 2] }; { minecraft:enderman [weight: 10, min: 1, max: 4] }; { minecraft:skeleton [weight: 100, min: 4, max: 4] }; { minecraft:slime [weight: 100, min: 4, max: 4] }; { minecraft:spider [weight: 100, min: 4, max: 4] }; { minecraft:witch [weight: 5, min: 1, max: 1] }; { minecraft:zombie [weight: 95, min: 4, max: 4] }; { minecraft:zombie_villager [weight: 5, min: 1, max: 1] }; { rottencreatures:undead_miner [weight: 20, min: 1, max: 4] }; { minecraft:chicken [weight: 10, min: 4, max: 4] }; { minecraft:chicken [weight: 10, min: 4, max: 4] }; { minecraft:cow [weight: 8, min: 4, max: 4] }; { minecraft:pig [weight: 10, min: 4, max: 4] }; { minecraft:sheep [weight: 12, min: 4, max: 4] }; { naturalist:coral_snake [weight: 4, min: 1, max: 1] }; { naturalist:hippo [weight: 15, min: 3, max: 4] }; { naturalist:lizard [weight: 15, min: 1, max: 2] }; { naturalist:tortoise [weight: 6, min: 1, max: 3] }; { minecraft:bat [weight: 10, min: 8, max: 8] }; { minecraft:glow_squid [weight: 10, min: 4, max: 6] }; { hybrid-aquatic:african_butterfly [weight: 2, min: 1, max: 1] }; { hybrid-aquatic:danio [weight: 3, min: 2, max: 3] }; { hybrid-aquatic:discus [weight: 3, min: 1, max: 1] }; { hybrid-aquatic:golden_dorado [weight: 1, min: 1, max: 1] }; { hybrid-aquatic:gourami [weight: 3, min: 1, max: 1] }; { hybrid-aquatic:oscar [weight: 1, min: 1, max: 1] }; { hybrid-aquatic:piranha [weight: 3, min: 2, max: 5] }; { hybrid-aquatic:tetra [weight: 3, min: 2, max: 3] }; { hybrid-aquatic:tiger_barb [weight: 3, min: 2, max: 3] }; { hybrid-aquatic:vampire_crab [weight: 3, min: 1, max: 2] }"
64,"minecraft:stony_peaks","{ creeperoverhaul:cave_creeper [weight: 75, min: 2, max: 2] }; { creeperoverhaul:hills_creeper [weight: 75, min: 2, max: 2] }; { minecraft:enderman [weight: 10, min: 1, max: 4] }; { minecraft:skeleton [weight: 100, min: 4, max: 4] }; { minecraft:slime [weight: 100, min: 4, max: 4] }; { minecraft:spider [weight: 100, min: 4, max: 4] }; { minecraft:witch [weight: 5, min: 1, max: 1] }; { minecraft:zombie [weight: 95, min: 4, max: 4] }; { minecraft:zombie_villager [weight: 5, min: 1, max: 1] }; { rottencreatures:undead_miner [weight: 20, min: 1, max: 4] }; { naturalist:canary [weight: 8, min: 1, max: 4] }; { naturalist:robin [weight: 8, min: 1, max: 4] }; { naturalist:snail [weight: 5, min: 1, max: 3] }; { minecraft:bat [weight: 10, min: 8, max: 8] }; { minecraft:glow_squid [weight: 10, min: 4, max: 6] }"
65,"minecraft:stony_shore","{ minecraft:creeper [weight: 100, min: 4, max: 4] }; { minecraft:enderman [weight: 10, min: 1, max: 4] }; { minecraft:skeleton [weight: 100, min: 4, max: 4] }; { minecraft:slime [weight: 100, min: 4, max: 4] }; { minecraft:spider [weight: 100, min: 4, max: 4] }; { minecraft:witch [weight: 5, min: 1, max: 1] }; { minecraft:zombie [weight: 95, min: 4, max: 4] }; { minecraft:zombie_villager [weight: 5, min: 1, max: 1] }; { rottencreatures:undead_miner [weight: 20, min: 1, max: 4] }; { naturalist:coral_snake [weight: 4, min: 1, max: 1] }; { pesky_seagulls:seagull [weight: 20, min: 3, max: 5] }; { minecraft:bat [weight: 10, min: 8, max: 8] }; { minecraft:glow_squid [weight: 10, min: 4, max: 6] }; { hybrid-aquatic:lightfoot_crab [weight: 3, min: 1, max: 3] }"
66,"minecraft:sunflower_plains","{ endermanoverhaul:cave_enderman [weight: 2, min: 1, max: 2] }; { endermanoverhaul:flower_fields_enderman [weight: 5, min: 1, max: 2] }; { minecraft:creeper [weight: 100, min: 4, max: 4] }; { minecraft:skeleton [weight: 100, min: 4, max: 4] }; { minecraft:slime [weight: 100, min: 4, max: 4] }; { minecraft:spider [weight: 100, min: 4, max: 4] }; { minecraft:witch [weight: 5, min: 1, max: 1] }; { minecraft:zombie [weight: 95, min: 4, max: 4] }; { minecraft:zombie_villager [weight: 5, min: 1, max: 1] }; { rottencreatures:undead_miner [weight: 20, min: 1, max: 4] }; { minecraft:chicken [weight: 10, min: 4, max: 4] }; { minecraft:cow [weight: 8, min: 4, max: 4] }; { minecraft:donkey [weight: 1, min: 1, max: 3] }; { minecraft:horse [weight: 5, min: 2, max: 6] }; { minecraft:pig [weight: 10, min: 4, max: 4] }; { minecraft:sheep [weight: 12, min: 4, max: 4] }; { naturalist:robin [weight: 8, min: 1, max: 4] }; { naturalist:snail [weight: 5, min: 1, max: 3] }; { naturalist:snake [weight: 4, min: 1, max: 1] }; { naturalist:sparrow [weight: 8, min: 1, max: 4] }; { minecraft:bat [weight: 10, min: 8, max: 8] }; { minecraft:glow_squid [weight: 10, min: 4, max: 6] }"
67,"minecraft:swamp","{ endermanoverhaul:cave_enderman [weight: 2, min: 1, max: 2] }; { endermanoverhaul:swamp_enderman [weight: 10, min: 1, max: 4] }; { minecraft:creeper [weight: 100, min: 4, max: 4] }; { minecraft:skeleton [weight: 100, min: 4, max: 4] }; { minecraft:slime [weight: 1, min: 1, max: 1] }; { minecraft:slime [weight: 100, min: 4, max: 4] }; { minecraft:spider [weight: 100, min: 4, max: 4] }; { minecraft:witch [weight: 5, min: 1, max: 1] }; { minecraft:zombie [weight: 95, min: 4, max: 4] }; { minecraft:zombie_villager [weight: 5, min: 1, max: 1] }; { rottencreatures:undead_miner [weight: 20, min: 1, max: 4] }; { minecraft:frog [weight: 10, min: 2, max: 5] }; { naturalist:alligator [weight: 15, min: 1, max: 2] }; { naturalist:cardinal [weight: 8, min: 1, max: 4] }; { naturalist:dragonfly [weight: 8, min: 2, max: 3] }; { naturalist:duck [weight: 15, min: 1, max: 3] }; { naturalist:lizard [weight: 15, min: 1, max: 2] }; { naturalist:snail [weight: 5, min: 1, max: 3] }; { naturalist:snake [weight: 4, min: 1, max: 1] }; { naturalist:tortoise [weight: 6, min: 1, max: 3] }; { minecraft:bat [weight: 10, min: 8, max: 8] }; { minecraft:glow_squid [weight: 10, min: 4, max: 6] }; { naturalist:bass [weight: 8, min: 4, max: 4] }; { naturalist:catfish [weight: 5, min: 1, max: 1] }; { hybrid-aquatic:betta [weight: 1, min: 1, max: 1] }; { hybrid-aquatic:tiger_barb [weight: 3, min: 2, max: 3] }; { hybrid-aquatic:fiddler_crab [weight: 5, min: 2, max: 3] }"
68,"minecraft:taiga","{ creeperoverhaul:cave_creeper [weight: 75, min: 2, max: 2] }; { creeperoverhaul:spruce_creeper [weight: 75, min: 2, max: 2] }; { minecraft:enderman [weight: 10, min: 1, max: 4] }; { minecraft:skeleton [weight: 100, min: 4, max: 4] }; { minecraft:slime [weight: 100, min: 4, max: 4] }; { minecraft:spider [weight: 100, min: 4, max: 4] }; { minecraft:witch [weight: 5, min: 1, max: 1] }; { minecraft:zombie [weight: 95, min: 4, max: 4] }; { minecraft:zombie_villager [weight: 5, min: 1, max: 1] }; { rottencreatures:undead_miner [weight: 20, min: 1, max: 4] }; { minecraft:chicken [weight: 10, min: 4, max: 4] }; { minecraft:cow [weight: 8, min: 4, max: 4] }; { minecraft:fox [weight: 8, min: 2, max: 4] }; { minecraft:pig [weight: 10, min: 4, max: 4] }; { minecraft:rabbit [weight: 4, min: 2, max: 3] }; { minecraft:sheep [weight: 12, min: 4, max: 4] }; { minecraft:wolf [weight: 8, min: 4, max: 4] }; { naturalist:bear [weight: 8, min: 1, max: 2] }; { naturalist:bluejay [weight: 8, min: 1, max: 4] }; { minecraft:bat [weight: 10, min: 8, max: 8] }; { minecraft:glow_squid [weight: 10, min: 4, max: 6] }"
69,"minecraft:the_end","{ endermanoverhaul:end_enderman [weight: 2, min: 1, max: 2] }; { minecraft:enderman [weight: 10, min: 4, max: 4] }"
70,"minecraft:the_void",""
71,"minecraft:warm_ocean","{ creeperoverhaul:cave_creeper [weight: 75, min: 2, max: 2] }; { creeperoverhaul:ocean_creeper [weight: 2, min: 1, max: 1] }; { endermanoverhaul:cave_enderman [weight: 2, min: 1, max: 2] }; { endermanoverhaul:coral_enderman [weight: 5, min: 1, max: 2] }; { minecraft:drowned [weight: 5, min: 1, max: 1] }; { minecraft:skeleton [weight: 100, min: 4, max: 4] }; { minecraft:slime [weight: 100, min: 4, max: 4] }; { minecraft:spider [weight: 100, min: 4, max: 4] }; { minecraft:witch [weight: 5, min: 1, max: 1] }; { minecraft:zombie [weight: 95, min: 4, max: 4] }; { minecraft:zombie_villager [weight: 5, min: 1, max: 1] }; { rottencreatures:undead_miner [weight: 20, min: 1, max: 4] }; { minecraft:bat [weight: 10, min: 8, max: 8] }; { minecraft:glow_squid [weight: 10, min: 4, max: 6] }; { minecraft:dolphin [weight: 2, min: 1, max: 2] }; { minecraft:squid [weight: 10, min: 4, max: 4] }; { minecraft:pufferfish [weight: 15, min: 1, max: 3] }; { minecraft:tropical_fish [weight: 25, min: 8, max: 8] }; { hybrid-aquatic:boxfish [weight: 1, min: 1, max: 1] }; { hybrid-aquatic:clownfish [weight: 3, min: 1, max: 2] }; { hybrid-aquatic:damselfish [weight: 5, min: 3, max: 5] }; { hybrid-aquatic:flashlight_fish [weight: 5, min: 3, max: 5] }; { hybrid-aquatic:lionfish [weight: 3, min: 1, max: 2] }; { hybrid-aquatic:moray_eel [weight: 1, min: 1, max: 1] }; { hybrid-aquatic:parrotfish [weight: 5, min: 1, max: 2] }; { hybrid-aquatic:seahorse [weight: 1, min: 1, max: 2] }; { hybrid-aquatic:squirrelfish [weight: 5, min: 3, max: 5] }; { hybrid-aquatic:stingray [weight: 3, min: 1, max: 2] }; { hybrid-aquatic:stonefish [weight: 1, min: 1, max: 1] }; { hybrid-aquatic:surgeonfish [weight: 5, min: 1, max: 3] }; { hybrid-aquatic:toadfish [weight: 1, min: 1, max: 1] }; { hybrid-aquatic:triggerfish [weight: 3, min: 1, max: 1] }; { hybrid-aquatic:snailfish [weight: 3, min: 1, max: 5] }; { hybrid-aquatic:cuttlefish [weight: 1, min: 1, max: 2] }; { hybrid-aquatic:firefly_squid [weight: 5, min: 3, max: 5] }; { hybrid-aquatic:box_jellyfish [weight: 1, min: 1, max: 1] }; { hybrid-aquatic:moon_jellyfish [weight: 5, min: 3, max: 5] }; { hybrid-aquatic:decorator_crab [weight: 1, min: 1, max: 2] }; { hybrid-aquatic:flower_crab [weight: 3, min: 1, max: 2] }; { hybrid-aquatic:lobster [weight: 3, min: 1, max: 2] }; { hybrid-aquatic:shrimp [weight: 3, min: 2, max: 3] }; { hybrid-aquatic:nudibranch [weight: 3, min: 1, max: 2] }; { hybrid-aquatic:sea_cucumber [weight: 3, min: 1, max: 3] }; { hybrid-aquatic:sea_urchin [weight: 5, min: 1, max: 3] }; { hybrid-aquatic:starfish [weight: 5, min: 1, max: 3] }"
72,"minecraft:warped_forest","{ endermanoverhaul:warped_forest_enderman [weight: 1, min: 4, max: 4] }; { minecraft:strider [weight: 60, min: 1, max: 2] }"
73,"minecraft:windswept_forest","{ creeperoverhaul:cave_creeper [weight: 75, min: 2, max: 2] }; { creeperoverhaul:hills_creeper [weight: 75, min: 2, max: 2] }; { minecraft:enderman [weight: 10, min: 1, max: 4] }; { minecraft:skeleton [weight: 100, min: 4, max: 4] }; { minecraft:slime [weight: 100, min: 4, max: 4] }; { minecraft:spider [weight: 100, min: 4, max: 4] }; { minecraft:witch [weight: 5, min: 1, max: 1] }; { minecraft:zombie [weight: 95, min: 4, max: 4] }; { minecraft:zombie_villager [weight: 5, min: 1, max: 1] }; { rottencreatures:undead_miner [weight: 20, min: 1, max: 4] }; { minecraft:chicken [weight: 10, min: 4, max: 4] }; { minecraft:cow [weight: 8, min: 4, max: 4] }; { minecraft:llama [weight: 5, min: 4, max: 6] }; { minecraft:pig [weight: 10, min: 4, max: 4] }; { minecraft:sheep [weight: 12, min: 4, max: 4] }; { naturalist:bluejay [weight: 8, min: 1, max: 4] }; { naturalist:canary [weight: 8, min: 1, max: 4] }; { naturalist:snail [weight: 5, min: 1, max: 3] }; { minecraft:bat [weight: 10, min: 8, max: 8] }; { minecraft:glow_squid [weight: 10, min: 4, max: 6] }"
74,"minecraft:windswept_gravelly_hills","{ creeperoverhaul:cave_creeper [weight: 75, min: 2, max: 2] }; { creeperoverhaul:hills_creeper [weight: 75, min: 2, max: 2] }; { minecraft:enderman [weight: 10, min: 1, max: 4] }; { minecraft:skeleton [weight: 100, min: 4, max: 4] }; { minecraft:slime [weight: 100, min: 4, max: 4] }; { minecraft:spider [weight: 100, min: 4, max: 4] }; { minecraft:witch [weight: 5, min: 1, max: 1] }; { minecraft:zombie [weight: 95, min: 4, max: 4] }; { minecraft:zombie_villager [weight: 5, min: 1, max: 1] }; { rottencreatures:undead_miner [weight: 20, min: 1, max: 4] }; { minecraft:chicken [weight: 10, min: 4, max: 4] }; { minecraft:cow [weight: 8, min: 4, max: 4] }; { minecraft:llama [weight: 5, min: 4, max: 6] }; { minecraft:pig [weight: 10, min: 4, max: 4] }; { minecraft:sheep [weight: 12, min: 4, max: 4] }; { naturalist:bluejay [weight: 8, min: 1, max: 4] }; { naturalist:canary [weight: 8, min: 1, max: 4] }; { naturalist:snail [weight: 5, min: 1, max: 3] }; { minecraft:bat [weight: 10, min: 8, max: 8] }; { minecraft:glow_squid [weight: 10, min: 4, max: 6] }"
75,"minecraft:windswept_hills","{ creeperoverhaul:cave_creeper [weight: 75, min: 2, max: 2] }; { creeperoverhaul:hills_creeper [weight: 75, min: 2, max: 2] }; { endermanoverhaul:cave_enderman [weight: 2, min: 1, max: 2] }; { endermanoverhaul:windswept_hills_enderman [weight: 10, min: 1, max: 4] }; { minecraft:skeleton [weight: 100, min: 4, max: 4] }; { minecraft:slime [weight: 100, min: 4, max: 4] }; { minecraft:spider [weight: 100, min: 4, max: 4] }; { minecraft:witch [weight: 5, min: 1, max: 1] }; { minecraft:zombie [weight: 95, min: 4, max: 4] }; { minecraft:zombie_villager [weight: 5, min: 1, max: 1] }; { rottencreatures:undead_miner [weight: 20, min: 1, max: 4] }; { minecraft:chicken [weight: 10, min: 4, max: 4] }; { minecraft:cow [weight: 8, min: 4, max: 4] }; { minecraft:llama [weight: 5, min: 4, max: 6] }; { minecraft:pig [weight: 10, min: 4, max: 4] }; { minecraft:sheep [weight: 12, min: 4, max: 4] }; { naturalist:bluejay [weight: 8, min: 1, max: 4] }; { naturalist:canary [weight: 8, min: 1, max: 4] }; { naturalist:snail [weight: 5, min: 1, max: 3] }; { minecraft:bat [weight: 10, min: 8, max: 8] }; { minecraft:glow_squid [weight: 10, min: 4, max: 6] }"
76,"minecraft:windswept_savanna","{ creeperoverhaul:cave_creeper [weight: 75, min: 2, max: 2] }; { creeperoverhaul:savannah_creeper [weight: 75, min: 2, max: 2] }; { endermanoverhaul:cave_enderman [weight: 2, min: 1, max: 2] }; { endermanoverhaul:savanna_enderman [weight: 10, min: 1, max: 4] }; { minecraft:skeleton [weight: 100, min: 4, max: 4] }; { minecraft:slime [weight: 100, min: 4, max: 4] }; { minecraft:spider [weight: 100, min: 4, max: 4] }; { minecraft:witch [weight: 5, min: 1, max: 1] }; { minecraft:zombie [weight: 95, min: 4, max: 4] }; { minecraft:zombie_villager [weight: 5, min: 1, max: 1] }; { rottencreatures:undead_miner [weight: 20, min: 1, max: 4] }; { minecraft:donkey [weight: 1, min: 1, max: 1] }; { minecraft:horse [weight: 1, min: 2, max: 6] }; { naturalist:boar [weight: 15, min: 4, max: 4] }; { naturalist:cardinal [weight: 8, min: 1, max: 4] }; { naturalist:elephant [weight: 10, min: 2, max: 3] }; { naturalist:finch [weight: 8, min: 1, max: 4] }; { naturalist:giraffe [weight: 10, min: 2, max: 4] }; { naturalist:hippo [weight: 15, min: 3, max: 4] }; { naturalist:lion [weight: 8, min: 3, max: 5] }; { naturalist:rattlesnake [weight: 4, min: 1, max: 1] }; { naturalist:rhino [weight: 15, min: 1, max: 3] }; { naturalist:snail [weight: 5, min: 1, max: 3] }; { naturalist:vulture [weight: 15, min: 2, max: 4] }; { naturalist:zebra [weight: 10, min: 2, max: 3] }; { minecraft:bat [weight: 10, min: 8, max: 8] }; { minecraft:glow_squid [weight: 10, min: 4, max: 6] }"
77,"minecraft:wooded_badlands","{ creeperoverhaul:badlands_creeper [weight: 75, min: 2, max: 2] }; { creeperoverhaul:cave_creeper [weight: 75, min: 2, max: 2] }; { endermanoverhaul:badlands_enderman [weight: 10, min: 1, max: 4] }; { endermanoverhaul:cave_enderman [weight: 2, min: 1, max: 2] }; { minecraft:skeleton [weight: 100, min: 4, max: 4] }; { minecraft:slime [weight: 100, min: 4, max: 4] }; { minecraft:spider [weight: 100, min: 4, max: 4] }; { minecraft:witch [weight: 5, min: 1, max: 1] }; { minecraft:zombie [weight: 95, min: 4, max: 4] }; { minecraft:zombie_villager [weight: 5, min: 1, max: 1] }; { rottencreatures:undead_miner [weight: 20, min: 1, max: 4] }; { naturalist:rattlesnake [weight: 4, min: 1, max: 1] }; { naturalist:vulture [weight: 15, min: 2, max: 4] }; { minecraft:bat [weight: 10, min: 8, max: 8] }; { minecraft:glow_squid [weight: 10, min: 4, max: 6] }"
