"Registry name","ID"
"airhop:entity.player.hop",1474
"artifacts:block.water.step",1481
"artifacts:entity.mimic.close",1479
"artifacts:entity.mimic.death",1477
"artifacts:entity.mimic.hurt",1476
"artifacts:entity.mimic.open",1478
"artifacts:generic.pop",1475
"artifacts:item.whoopee_cushion.fart",1480
"bettercombat:anchor_slam",1482
"bettercombat:axe_slash",1483
"bettercombat:claymore_slam",1486
"bettercombat:claymore_stab",1485
"bettercombat:claymore_swing",1484
"bettercombat:dagger_slash",1487
"bettercombat:double_axe_swing",1488
"bettercombat:fist_punch",1489
"bettercombat:glaive_slash_quick",1490
"bettercombat:glaive_slash_slow",1491
"bettercombat:hammer_slam",1492
"bettercombat:katana_slash",1493
"bettercombat:mace_slam",1494
"bettercombat:mace_slash",1495
"bettercombat:pickaxe_swing",1496
"bettercombat:rapier_slash",1497
"bettercombat:rapier_stab",1498
"bettercombat:scythe_slash",1499
"bettercombat:sickle_slash",1505
"bettercombat:spear_stab",1500
"bettercombat:staff_slam",1501
"bettercombat:staff_slash",1502
"bettercombat:staff_spin",1503
"bettercombat:staff_stab",1504
"bettercombat:sword_slash",1506
"bettercombat:wand_swing",1507
"creeperoverhaul:entity.ocean.creeper.death",1526
"creeperoverhaul:entity.ocean.creeper.deflate",1530
"creeperoverhaul:entity.ocean.creeper.hurt_deflated",1528
"creeperoverhaul:entity.ocean.creeper.hurt_inflated",1527
"creeperoverhaul:entity.ocean.creeper.inflate",1529
"creeperoverhaul:entity.plant.creeper.death",1508
"creeperoverhaul:entity.plant.creeper.explosion",1509
"creeperoverhaul:entity.plant.creeper.hit",1510
"creeperoverhaul:entity.plant.creeper.hurt",1511
"creeperoverhaul:entity.plant.creeper.prime",1512
"creeperoverhaul:entity.sand.creeper.death",1513
"creeperoverhaul:entity.sand.creeper.explosion",1514
"creeperoverhaul:entity.sand.creeper.hurt",1515
"creeperoverhaul:entity.sand.creeper.prime",1516
"creeperoverhaul:entity.stone.creeper.death",1517
"creeperoverhaul:entity.stone.creeper.explosion",1518
"creeperoverhaul:entity.stone.creeper.hurt",1519
"creeperoverhaul:entity.stone.creeper.prime",1520
"creeperoverhaul:entity.wood.creeper.death",1521
"creeperoverhaul:entity.wood.creeper.explosion",1522
"creeperoverhaul:entity.wood.creeper.hit",1523
"creeperoverhaul:entity.wood.creeper.hurt",1524
"creeperoverhaul:entity.wood.creeper.prime",1525
"ecologics:camel_ambient",1543
"ecologics:camel_angry",1546
"ecologics:camel_chest",1549
"ecologics:camel_death",1544
"ecologics:camel_eat",1547
"ecologics:camel_hurt",1545
"ecologics:camel_step",1548
"ecologics:coconut_crab_ambient",1532
"ecologics:coconut_crab_death",1533
"ecologics:coconut_crab_hurt",1534
"ecologics:coconut_smash",1531
"ecologics:music_disc_coconut",1535
"ecologics:penguin_ambient",1537
"ecologics:penguin_death",1538
"ecologics:penguin_hurt",1539
"ecologics:squirrel_ambient",1540
"ecologics:squirrel_death",1541
"ecologics:squirrel_hurt",1542
"ecologics:thin_ice_crack",1536
"effective:ambience.waterfall",2283
"effective:entity.parry",2284
"endermanoverhaul:ancient_pearl_hit",1560
"endermanoverhaul:bubble_pearl_hit",1561
"endermanoverhaul:bubble_pearl_thrown",1562
"endermanoverhaul:cave_enderman_ambient",1550
"endermanoverhaul:cave_enderman_hurt",1551
"endermanoverhaul:corrupted_pearl_hit",1563
"endermanoverhaul:dark_oak_enderman_ambient",1557
"endermanoverhaul:dark_oak_enderman_darkness",1558
"endermanoverhaul:dark_oak_enderman_stare",1559
"endermanoverhaul:icy_pearl_hit",1566
"endermanoverhaul:plant_enderman_ambient",1552
"endermanoverhaul:plant_enderman_hurt",1553
"endermanoverhaul:soul_pearl_hit",1564
"endermanoverhaul:summoner_pearl_hit",1565
"endermanoverhaul:tall_enderman_ambient",1554
"endermanoverhaul:tall_enderman_death",1555
"endermanoverhaul:tall_enderman_stare",1556
"exposure:block.lightroom.print",1594
"exposure:item.camera.button_click",1576
"exposure:item.camera.dial_click",1578
"exposure:item.camera.film_advance",1572
"exposure:item.camera.film_advance_last",1573
"exposure:item.camera.film_removed",1574
"exposure:item.camera.filter_insert",1582
"exposure:item.camera.filter_remove",1583
"exposure:item.camera.flash",1584
"exposure:item.camera.generic_click",1575
"exposure:item.camera.interplanar_projector.project",1585
"exposure:item.camera.lens_insert",1580
"exposure:item.camera.lens_remove",1581
"exposure:item.camera.lens_ring_click",1579
"exposure:item.camera.release_button_click",1577
"exposure:item.camera.shutter_close",1570
"exposure:item.camera.shutter_open",1569
"exposure:item.camera.shutter_ticking",1571
"exposure:item.camera.viewfinder_close",1568
"exposure:item.camera.viewfinder_open",1567
"exposure:item.photograph.break",1587
"exposure:item.photograph.place",1586
"exposure:item.photograph.rustle",1588
"exposure:item.photograph_frame.add_item",1591
"exposure:item.photograph_frame.break",1590
"exposure:item.photograph_frame.place",1589
"exposure:item.photograph_frame.remove_item",1592
"exposure:item.photograph_frame.rotate_item",1593
"galosphere:block.allurite.break",1636
"galosphere:block.allurite.fall",1640
"galosphere:block.allurite.hit",1639
"galosphere:block.allurite.place",1638
"galosphere:block.allurite.step",1637
"galosphere:block.allurite_cluster.break",1641
"galosphere:block.allurite_cluster.fall",1645
"galosphere:block.allurite_cluster.hit",1644
"galosphere:block.allurite_cluster.place",1643
"galosphere:block.allurite_cluster.step",1642
"galosphere:block.bowl_lichen.break",1651
"galosphere:block.bowl_lichen.fall",1655
"galosphere:block.bowl_lichen.hit",1654
"galosphere:block.bowl_lichen.place",1653
"galosphere:block.bowl_lichen.step",1652
"galosphere:block.combustion_table.break",1656
"galosphere:block.combustion_table.fall",1660
"galosphere:block.combustion_table.hit",1659
"galosphere:block.combustion_table.place",1658
"galosphere:block.combustion_table.step",1657
"galosphere:block.cured_membrane.break",1726
"galosphere:block.cured_membrane.fall",1730
"galosphere:block.cured_membrane.hit",1729
"galosphere:block.cured_membrane.place",1728
"galosphere:block.cured_membrane.step",1727
"galosphere:block.gilded_beads.break",1721
"galosphere:block.gilded_beads.fall",1725
"galosphere:block.gilded_beads.hit",1724
"galosphere:block.gilded_beads.place",1723
"galosphere:block.gilded_beads.step",1722
"galosphere:block.glow_ink_clumps.break",1661
"galosphere:block.glow_ink_clumps.fall",1665
"galosphere:block.glow_ink_clumps.hit",1664
"galosphere:block.glow_ink_clumps.place",1663
"galosphere:block.glow_ink_clumps.step",1662
"galosphere:block.lichen_cordyceps.break",1666
"galosphere:block.lichen_cordyceps.fall",1670
"galosphere:block.lichen_cordyceps.hit",1669
"galosphere:block.lichen_cordyceps.place",1668
"galosphere:block.lichen_cordyceps.step",1667
"galosphere:block.lichen_moss.break",1671
"galosphere:block.lichen_moss.fall",1675
"galosphere:block.lichen_moss.hit",1674
"galosphere:block.lichen_moss.place",1673
"galosphere:block.lichen_moss.step",1672
"galosphere:block.lichen_roots.break",1676
"galosphere:block.lichen_roots.fall",1680
"galosphere:block.lichen_roots.hit",1679
"galosphere:block.lichen_roots.place",1678
"galosphere:block.lichen_roots.step",1677
"galosphere:block.lichen_shelf.break",1681
"galosphere:block.lichen_shelf.fall",1685
"galosphere:block.lichen_shelf.hit",1684
"galosphere:block.lichen_shelf.place",1683
"galosphere:block.lichen_shelf.step",1682
"galosphere:block.lumiere.break",1686
"galosphere:block.lumiere.compost",1598
"galosphere:block.lumiere.fall",1690
"galosphere:block.lumiere.hit",1689
"galosphere:block.lumiere.place",1688
"galosphere:block.lumiere.step",1687
"galosphere:block.lumiere_cluster.break",1691
"galosphere:block.lumiere_cluster.fall",1695
"galosphere:block.lumiere_cluster.hit",1694
"galosphere:block.lumiere_cluster.place",1693
"galosphere:block.lumiere_cluster.step",1692
"galosphere:block.monstrometer.activate",1601
"galosphere:block.monstrometer.break",1646
"galosphere:block.monstrometer.charge",1600
"galosphere:block.monstrometer.deactivate",1602
"galosphere:block.monstrometer.fall",1650
"galosphere:block.monstrometer.hit",1649
"galosphere:block.monstrometer.place",1648
"galosphere:block.monstrometer.step",1647
"galosphere:block.pink_salt.break",1706
"galosphere:block.pink_salt.fall",1710
"galosphere:block.pink_salt.hit",1709
"galosphere:block.pink_salt.place",1708
"galosphere:block.pink_salt.step",1707
"galosphere:block.pink_salt_chamber.deactivate",1635
"galosphere:block.pink_salt_chamber.summon",1634
"galosphere:block.pink_salt_cluster.break",1711
"galosphere:block.pink_salt_cluster.fall",1715
"galosphere:block.pink_salt_cluster.hit",1714
"galosphere:block.pink_salt_cluster.place",1713
"galosphere:block.pink_salt_cluster.step",1712
"galosphere:block.pink_salt_lamp.break",1716
"galosphere:block.pink_salt_lamp.fall",1720
"galosphere:block.pink_salt_lamp.hit",1719
"galosphere:block.pink_salt_lamp.place",1718
"galosphere:block.pink_salt_lamp.step",1717
"galosphere:block.silver.break",1696
"galosphere:block.silver.fall",1700
"galosphere:block.silver.hit",1699
"galosphere:block.silver.place",1698
"galosphere:block.silver.step",1697
"galosphere:block.silver_lattice.break",1701
"galosphere:block.silver_lattice.fall",1705
"galosphere:block.silver_lattice.hit",1704
"galosphere:block.silver_lattice.place",1703
"galosphere:block.silver_lattice.step",1702
"galosphere:block.stranded_membrane.break",1731
"galosphere:block.stranded_membrane.fall",1735
"galosphere:block.stranded_membrane.hit",1734
"galosphere:block.stranded_membrane.place",1733
"galosphere:block.stranded_membrane.step",1732
"galosphere:entity.berserker.death",1612
"galosphere:entity.berserker.duo_smash",1615
"galosphere:entity.berserker.hurt",1613
"galosphere:entity.berserker.idle",1614
"galosphere:entity.berserker.punch",1618
"galosphere:entity.berserker.roar",1619
"galosphere:entity.berserker.shake",1620
"galosphere:entity.berserker.smash",1616
"galosphere:entity.berserker.step",1621
"galosphere:entity.berserker.summoning",1617
"galosphere:entity.glow_flare.spread",1599
"galosphere:entity.pink_salt_pillar.emerge",1627
"galosphere:entity.pink_salt_shard.land",1628
"galosphere:entity.preserved.death",1622
"galosphere:entity.preserved.emerge",1625
"galosphere:entity.preserved.hurt",1623
"galosphere:entity.preserved.idle",1624
"galosphere:entity.preserved.step",1626
"galosphere:entity.specterpillar.death",1629
"galosphere:entity.specterpillar.hurt",1630
"galosphere:entity.spectre.ambient",1603
"galosphere:entity.spectre.bottle.empty",1604
"galosphere:entity.spectre.bottle.fill",1605
"galosphere:entity.spectre.death",1606
"galosphere:entity.spectre.hurt",1607
"galosphere:entity.spectre.lock_to_spyglass",1608
"galosphere:entity.spectre.manipulate.begin",1610
"galosphere:entity.spectre.manipulate.end",1611
"galosphere:entity.spectre.receive_item",1609
"galosphere:item.saltbound_tablet.cast_attack",1632
"galosphere:item.saltbound_tablet.cooldown_over",1633
"galosphere:item.saltbound_tablet.prepare_attack",1631
"galosphere:music.biome.crystal_canyons",1595
"galosphere:music.biome.lichen_caves",1596
"galosphere:music.biome.pink_salt_caves",1597
"guardvillagers:entity.guard.ambient",1736
"guardvillagers:entity.guard.death",1738
"guardvillagers:entity.guard.hurt",1737
"hookshot:hookshot_reel",1739
"lunaslimes:entity.magmacube.merge",1742
"lunaslimes:entity.magmacube.split",1743
"lunaslimes:entity.slime.merge",1740
"lunaslimes:entity.slime.split",1741
"minecraft:ambient.basalt_deltas.additions",8
"minecraft:ambient.basalt_deltas.loop",9
"minecraft:ambient.basalt_deltas.mood",10
"minecraft:ambient.cave",7
"minecraft:ambient.crimson_forest.additions",11
"minecraft:ambient.crimson_forest.loop",12
"minecraft:ambient.crimson_forest.mood",13
"minecraft:ambient.nether_wastes.additions",14
"minecraft:ambient.nether_wastes.loop",15
"minecraft:ambient.nether_wastes.mood",16
"minecraft:ambient.soul_sand_valley.additions",17
"minecraft:ambient.soul_sand_valley.loop",18
"minecraft:ambient.soul_sand_valley.mood",19
"minecraft:ambient.underwater.enter",23
"minecraft:ambient.underwater.exit",24
"minecraft:ambient.underwater.loop",25
"minecraft:ambient.underwater.loop.additions",26
"minecraft:ambient.underwater.loop.additions.rare",27
"minecraft:ambient.underwater.loop.additions.ultra_rare",28
"minecraft:ambient.warped_forest.additions",20
"minecraft:ambient.warped_forest.loop",21
"minecraft:ambient.warped_forest.mood",22
"minecraft:block.amethyst_block.break",29
"minecraft:block.amethyst_block.chime",30
"minecraft:block.amethyst_block.fall",31
"minecraft:block.amethyst_block.hit",32
"minecraft:block.amethyst_block.place",33
"minecraft:block.amethyst_block.resonate",34
"minecraft:block.amethyst_block.step",35
"minecraft:block.amethyst_cluster.break",36
"minecraft:block.amethyst_cluster.fall",37
"minecraft:block.amethyst_cluster.hit",38
"minecraft:block.amethyst_cluster.place",39
"minecraft:block.amethyst_cluster.step",40
"minecraft:block.ancient_debris.break",41
"minecraft:block.ancient_debris.fall",45
"minecraft:block.ancient_debris.hit",44
"minecraft:block.ancient_debris.place",43
"minecraft:block.ancient_debris.step",42
"minecraft:block.anvil.break",46
"minecraft:block.anvil.destroy",47
"minecraft:block.anvil.fall",48
"minecraft:block.anvil.hit",49
"minecraft:block.anvil.land",50
"minecraft:block.anvil.place",51
"minecraft:block.anvil.step",52
"minecraft:block.anvil.use",53
"minecraft:block.azalea.break",80
"minecraft:block.azalea.fall",81
"minecraft:block.azalea.hit",82
"minecraft:block.azalea.place",83
"minecraft:block.azalea.step",84
"minecraft:block.azalea_leaves.break",85
"minecraft:block.azalea_leaves.fall",86
"minecraft:block.azalea_leaves.hit",87
"minecraft:block.azalea_leaves.place",88
"minecraft:block.azalea_leaves.step",89
"minecraft:block.bamboo.break",90
"minecraft:block.bamboo.fall",91
"minecraft:block.bamboo.hit",92
"minecraft:block.bamboo.place",93
"minecraft:block.bamboo.step",94
"minecraft:block.bamboo_sapling.break",95
"minecraft:block.bamboo_sapling.hit",96
"minecraft:block.bamboo_sapling.place",97
"minecraft:block.bamboo_wood.break",98
"minecraft:block.bamboo_wood.fall",99
"minecraft:block.bamboo_wood.hit",100
"minecraft:block.bamboo_wood.place",101
"minecraft:block.bamboo_wood.step",102
"minecraft:block.bamboo_wood_button.click_off",107
"minecraft:block.bamboo_wood_button.click_on",108
"minecraft:block.bamboo_wood_door.close",103
"minecraft:block.bamboo_wood_door.open",104
"minecraft:block.bamboo_wood_fence_gate.close",111
"minecraft:block.bamboo_wood_fence_gate.open",112
"minecraft:block.bamboo_wood_hanging_sign.break",605
"minecraft:block.bamboo_wood_hanging_sign.fall",606
"minecraft:block.bamboo_wood_hanging_sign.hit",607
"minecraft:block.bamboo_wood_hanging_sign.place",608
"minecraft:block.bamboo_wood_hanging_sign.step",604
"minecraft:block.bamboo_wood_pressure_plate.click_off",109
"minecraft:block.bamboo_wood_pressure_plate.click_on",110
"minecraft:block.bamboo_wood_trapdoor.close",105
"minecraft:block.bamboo_wood_trapdoor.open",106
"minecraft:block.barrel.close",113
"minecraft:block.barrel.open",114
"minecraft:block.basalt.break",115
"minecraft:block.basalt.fall",119
"minecraft:block.basalt.hit",118
"minecraft:block.basalt.place",117
"minecraft:block.basalt.step",116
"minecraft:block.beacon.activate",125
"minecraft:block.beacon.ambient",126
"minecraft:block.beacon.deactivate",127
"minecraft:block.beacon.power_select",128
"minecraft:block.beehive.drip",135
"minecraft:block.beehive.enter",136
"minecraft:block.beehive.exit",137
"minecraft:block.beehive.shear",138
"minecraft:block.beehive.work",139
"minecraft:block.bell.resonate",141
"minecraft:block.bell.use",140
"minecraft:block.big_dripleaf.break",142
"minecraft:block.big_dripleaf.fall",143
"minecraft:block.big_dripleaf.hit",144
"minecraft:block.big_dripleaf.place",145
"minecraft:block.big_dripleaf.step",146
"minecraft:block.big_dripleaf.tilt_down",384
"minecraft:block.big_dripleaf.tilt_up",385
"minecraft:block.blastfurnace.fire_crackle",162
"minecraft:block.bone_block.break",154
"minecraft:block.bone_block.fall",155
"minecraft:block.bone_block.hit",156
"minecraft:block.bone_block.place",157
"minecraft:block.bone_block.step",158
"minecraft:block.brewing_stand.brew",166
"minecraft:block.bubble_column.bubble_pop",172
"minecraft:block.bubble_column.upwards_ambient",173
"minecraft:block.bubble_column.upwards_inside",174
"minecraft:block.bubble_column.whirlpool_ambient",175
"minecraft:block.bubble_column.whirlpool_inside",176
"minecraft:block.cake.add_candle",192
"minecraft:block.calcite.break",193
"minecraft:block.calcite.fall",197
"minecraft:block.calcite.hit",196
"minecraft:block.calcite.place",195
"minecraft:block.calcite.step",194
"minecraft:block.campfire.crackle",209
"minecraft:block.candle.ambient",210
"minecraft:block.candle.break",211
"minecraft:block.candle.extinguish",212
"minecraft:block.candle.fall",213
"minecraft:block.candle.hit",214
"minecraft:block.candle.place",215
"minecraft:block.candle.step",216
"minecraft:block.cave_vines.break",226
"minecraft:block.cave_vines.fall",227
"minecraft:block.cave_vines.hit",228
"minecraft:block.cave_vines.pick_berries",231
"minecraft:block.cave_vines.place",229
"minecraft:block.cave_vines.step",230
"minecraft:block.chain.break",232
"minecraft:block.chain.fall",233
"minecraft:block.chain.hit",234
"minecraft:block.chain.place",235
"minecraft:block.chain.step",236
"minecraft:block.cherry_leaves.break",247
"minecraft:block.cherry_leaves.fall",248
"minecraft:block.cherry_leaves.hit",249
"minecraft:block.cherry_leaves.place",250
"minecraft:block.cherry_leaves.step",251
"minecraft:block.cherry_sapling.break",242
"minecraft:block.cherry_sapling.fall",243
"minecraft:block.cherry_sapling.hit",244
"minecraft:block.cherry_sapling.place",245
"minecraft:block.cherry_sapling.step",246
"minecraft:block.cherry_wood.break",237
"minecraft:block.cherry_wood.fall",238
"minecraft:block.cherry_wood.hit",239
"minecraft:block.cherry_wood.place",240
"minecraft:block.cherry_wood.step",241
"minecraft:block.cherry_wood_button.click_off",261
"minecraft:block.cherry_wood_button.click_on",262
"minecraft:block.cherry_wood_door.close",257
"minecraft:block.cherry_wood_door.open",258
"minecraft:block.cherry_wood_fence_gate.close",265
"minecraft:block.cherry_wood_fence_gate.open",266
"minecraft:block.cherry_wood_hanging_sign.break",253
"minecraft:block.cherry_wood_hanging_sign.fall",254
"minecraft:block.cherry_wood_hanging_sign.hit",255
"minecraft:block.cherry_wood_hanging_sign.place",256
"minecraft:block.cherry_wood_hanging_sign.step",252
"minecraft:block.cherry_wood_pressure_plate.click_off",263
"minecraft:block.cherry_wood_pressure_plate.click_on",264
"minecraft:block.cherry_wood_trapdoor.close",259
"minecraft:block.cherry_wood_trapdoor.open",260
"minecraft:block.chest.close",267
"minecraft:block.chest.locked",268
"minecraft:block.chest.open",269
"minecraft:block.chiseled_bookshelf.break",275
"minecraft:block.chiseled_bookshelf.fall",276
"minecraft:block.chiseled_bookshelf.hit",277
"minecraft:block.chiseled_bookshelf.insert",278
"minecraft:block.chiseled_bookshelf.insert.enchanted",279
"minecraft:block.chiseled_bookshelf.pickup",281
"minecraft:block.chiseled_bookshelf.pickup.enchanted",282
"minecraft:block.chiseled_bookshelf.place",283
"minecraft:block.chiseled_bookshelf.step",280
"minecraft:block.chorus_flower.death",284
"minecraft:block.chorus_flower.grow",285
"minecraft:block.comparator.click",291
"minecraft:block.composter.empty",292
"minecraft:block.composter.fill",293
"minecraft:block.composter.fill_success",294
"minecraft:block.composter.ready",295
"minecraft:block.conduit.activate",296
"minecraft:block.conduit.ambient",297
"minecraft:block.conduit.ambient.short",298
"minecraft:block.conduit.attack.target",299
"minecraft:block.conduit.deactivate",300
"minecraft:block.copper.break",301
"minecraft:block.copper.fall",305
"minecraft:block.copper.hit",304
"minecraft:block.copper.place",303
"minecraft:block.copper.step",302
"minecraft:block.coral_block.break",306
"minecraft:block.coral_block.fall",307
"minecraft:block.coral_block.hit",308
"minecraft:block.coral_block.place",309
"minecraft:block.coral_block.step",310
"minecraft:block.crop.break",319
"minecraft:block.decorated_pot.break",329
"minecraft:block.decorated_pot.fall",330
"minecraft:block.decorated_pot.hit",331
"minecraft:block.decorated_pot.place",333
"minecraft:block.decorated_pot.shatter",334
"minecraft:block.decorated_pot.step",332
"minecraft:block.deepslate.break",340
"minecraft:block.deepslate.fall",341
"minecraft:block.deepslate.hit",342
"minecraft:block.deepslate.place",343
"minecraft:block.deepslate.step",344
"minecraft:block.deepslate_bricks.break",335
"minecraft:block.deepslate_bricks.fall",336
"minecraft:block.deepslate_bricks.hit",337
"minecraft:block.deepslate_bricks.place",338
"minecraft:block.deepslate_bricks.step",339
"minecraft:block.deepslate_tiles.break",345
"minecraft:block.deepslate_tiles.fall",346
"minecraft:block.deepslate_tiles.hit",347
"minecraft:block.deepslate_tiles.place",348
"minecraft:block.deepslate_tiles.step",349
"minecraft:block.dispenser.dispense",350
"minecraft:block.dispenser.fail",351
"minecraft:block.dispenser.launch",352
"minecraft:block.dripstone_block.break",369
"minecraft:block.dripstone_block.fall",373
"minecraft:block.dripstone_block.hit",372
"minecraft:block.dripstone_block.place",371
"minecraft:block.dripstone_block.step",370
"minecraft:block.enchantment_table.use",406
"minecraft:block.end_gateway.spawn",429
"minecraft:block.end_portal.spawn",431
"minecraft:block.end_portal_frame.fill",430
"minecraft:block.ender_chest.close",407
"minecraft:block.ender_chest.open",408
"minecraft:block.fence_gate.close",443
"minecraft:block.fence_gate.open",444
"minecraft:block.fire.ambient",454
"minecraft:block.fire.extinguish",455
"minecraft:block.flowering_azalea.break",461
"minecraft:block.flowering_azalea.fall",462
"minecraft:block.flowering_azalea.hit",463
"minecraft:block.flowering_azalea.place",464
"minecraft:block.flowering_azalea.step",465
"minecraft:block.froglight.break",487
"minecraft:block.froglight.fall",488
"minecraft:block.froglight.hit",489
"minecraft:block.froglight.place",490
"minecraft:block.froglight.step",491
"minecraft:block.frogspawn.break",493
"minecraft:block.frogspawn.fall",494
"minecraft:block.frogspawn.hatch",495
"minecraft:block.frogspawn.hit",496
"minecraft:block.frogspawn.place",497
"minecraft:block.frogspawn.step",492
"minecraft:block.fungus.break",874
"minecraft:block.fungus.fall",878
"minecraft:block.fungus.hit",877
"minecraft:block.fungus.place",876
"minecraft:block.fungus.step",875
"minecraft:block.furnace.fire_crackle",511
"minecraft:block.gilded_blackstone.break",529
"minecraft:block.gilded_blackstone.fall",530
"minecraft:block.gilded_blackstone.hit",531
"minecraft:block.gilded_blackstone.place",532
"minecraft:block.gilded_blackstone.step",533
"minecraft:block.glass.break",534
"minecraft:block.glass.fall",535
"minecraft:block.glass.hit",536
"minecraft:block.glass.place",537
"minecraft:block.glass.step",538
"minecraft:block.grass.break",569
"minecraft:block.grass.fall",570
"minecraft:block.grass.hit",571
"minecraft:block.grass.place",572
"minecraft:block.grass.step",573
"minecraft:block.gravel.break",574
"minecraft:block.gravel.fall",575
"minecraft:block.gravel.hit",576
"minecraft:block.gravel.place",577
"minecraft:block.gravel.step",578
"minecraft:block.grindstone.use",579
"minecraft:block.growing_plant.crop",580
"minecraft:block.hanging_roots.break",589
"minecraft:block.hanging_roots.fall",590
"minecraft:block.hanging_roots.hit",591
"minecraft:block.hanging_roots.place",592
"minecraft:block.hanging_roots.step",593
"minecraft:block.hanging_sign.break",595
"minecraft:block.hanging_sign.fall",596
"minecraft:block.hanging_sign.hit",597
"minecraft:block.hanging_sign.place",598
"minecraft:block.hanging_sign.step",594
"minecraft:block.honey_block.break",618
"minecraft:block.honey_block.fall",619
"minecraft:block.honey_block.hit",620
"minecraft:block.honey_block.place",621
"minecraft:block.honey_block.slide",622
"minecraft:block.honey_block.step",623
"minecraft:block.iron_door.close",666
"minecraft:block.iron_door.open",667
"minecraft:block.iron_trapdoor.close",674
"minecraft:block.iron_trapdoor.open",675
"minecraft:block.ladder.break",683
"minecraft:block.ladder.fall",684
"minecraft:block.ladder.hit",685
"minecraft:block.ladder.place",686
"minecraft:block.ladder.step",687
"minecraft:block.lantern.break",688
"minecraft:block.lantern.fall",689
"minecraft:block.lantern.hit",690
"minecraft:block.lantern.place",691
"minecraft:block.lantern.step",692
"minecraft:block.large_amethyst_bud.break",693
"minecraft:block.large_amethyst_bud.place",694
"minecraft:block.lava.ambient",695
"minecraft:block.lava.extinguish",696
"minecraft:block.lava.pop",697
"minecraft:block.lever.click",700
"minecraft:block.lily_pad.place",1362
"minecraft:block.lodestone.break",714
"minecraft:block.lodestone.fall",718
"minecraft:block.lodestone.hit",717
"minecraft:block.lodestone.place",716
"minecraft:block.lodestone.step",715
"minecraft:block.mangrove_roots.break",726
"minecraft:block.mangrove_roots.fall",727
"minecraft:block.mangrove_roots.hit",728
"minecraft:block.mangrove_roots.place",729
"minecraft:block.mangrove_roots.step",730
"minecraft:block.medium_amethyst_bud.break",731
"minecraft:block.medium_amethyst_bud.place",732
"minecraft:block.metal.break",733
"minecraft:block.metal.fall",734
"minecraft:block.metal.hit",735
"minecraft:block.metal.place",736
"minecraft:block.metal.step",739
"minecraft:block.metal_pressure_plate.click_off",737
"minecraft:block.metal_pressure_plate.click_on",738
"minecraft:block.moss.break",758
"minecraft:block.moss.fall",759
"minecraft:block.moss.hit",760
"minecraft:block.moss.place",761
"minecraft:block.moss.step",762
"minecraft:block.moss_carpet.break",748
"minecraft:block.moss_carpet.fall",749
"minecraft:block.moss_carpet.hit",750
"minecraft:block.moss_carpet.place",751
"minecraft:block.moss_carpet.step",752
"minecraft:block.mud.break",763
"minecraft:block.mud.fall",764
"minecraft:block.mud.hit",765
"minecraft:block.mud.place",766
"minecraft:block.mud.step",767
"minecraft:block.mud_bricks.break",768
"minecraft:block.mud_bricks.fall",769
"minecraft:block.mud_bricks.hit",770
"minecraft:block.mud_bricks.place",771
"minecraft:block.mud_bricks.step",772
"minecraft:block.muddy_mangrove_roots.break",773
"minecraft:block.muddy_mangrove_roots.fall",774
"minecraft:block.muddy_mangrove_roots.hit",775
"minecraft:block.muddy_mangrove_roots.place",776
"minecraft:block.muddy_mangrove_roots.step",777
"minecraft:block.nether_bricks.break",831
"minecraft:block.nether_bricks.fall",835
"minecraft:block.nether_bricks.hit",834
"minecraft:block.nether_bricks.place",833
"minecraft:block.nether_bricks.step",832
"minecraft:block.nether_gold_ore.break",1070
"minecraft:block.nether_gold_ore.fall",1071
"minecraft:block.nether_gold_ore.hit",1072
"minecraft:block.nether_gold_ore.place",1073
"minecraft:block.nether_gold_ore.step",1074
"minecraft:block.nether_ore.break",1075
"minecraft:block.nether_ore.fall",1076
"minecraft:block.nether_ore.hit",1077
"minecraft:block.nether_ore.place",1078
"minecraft:block.nether_ore.step",1079
"minecraft:block.nether_sprouts.break",869
"minecraft:block.nether_sprouts.fall",873
"minecraft:block.nether_sprouts.hit",872
"minecraft:block.nether_sprouts.place",871
"minecraft:block.nether_sprouts.step",870
"minecraft:block.nether_wart.break",836
"minecraft:block.nether_wood.break",838
"minecraft:block.nether_wood.fall",839
"minecraft:block.nether_wood.hit",840
"minecraft:block.nether_wood.place",841
"minecraft:block.nether_wood.step",842
"minecraft:block.nether_wood_button.click_off",847
"minecraft:block.nether_wood_button.click_on",848
"minecraft:block.nether_wood_door.close",843
"minecraft:block.nether_wood_door.open",844
"minecraft:block.nether_wood_fence_gate.close",851
"minecraft:block.nether_wood_fence_gate.open",852
"minecraft:block.nether_wood_hanging_sign.break",600
"minecraft:block.nether_wood_hanging_sign.fall",601
"minecraft:block.nether_wood_hanging_sign.hit",602
"minecraft:block.nether_wood_hanging_sign.place",603
"minecraft:block.nether_wood_hanging_sign.step",599
"minecraft:block.nether_wood_pressure_plate.click_off",849
"minecraft:block.nether_wood_pressure_plate.click_on",850
"minecraft:block.nether_wood_trapdoor.close",845
"minecraft:block.nether_wood_trapdoor.open",846
"minecraft:block.netherite_block.break",889
"minecraft:block.netherite_block.fall",893
"minecraft:block.netherite_block.hit",892
"minecraft:block.netherite_block.place",891
"minecraft:block.netherite_block.step",890
"minecraft:block.netherrack.break",894
"minecraft:block.netherrack.fall",898
"minecraft:block.netherrack.hit",897
"minecraft:block.netherrack.place",896
"minecraft:block.netherrack.step",895
"minecraft:block.note_block.banjo",914
"minecraft:block.note_block.basedrum",899
"minecraft:block.note_block.bass",900
"minecraft:block.note_block.bell",901
"minecraft:block.note_block.bit",913
"minecraft:block.note_block.chime",902
"minecraft:block.note_block.cow_bell",911
"minecraft:block.note_block.didgeridoo",912
"minecraft:block.note_block.flute",903
"minecraft:block.note_block.guitar",904
"minecraft:block.note_block.harp",905
"minecraft:block.note_block.hat",906
"minecraft:block.note_block.imitate.creeper",917
"minecraft:block.note_block.imitate.ender_dragon",918
"minecraft:block.note_block.imitate.piglin",920
"minecraft:block.note_block.imitate.skeleton",916
"minecraft:block.note_block.imitate.wither_skeleton",919
"minecraft:block.note_block.imitate.zombie",915
"minecraft:block.note_block.iron_xylophone",910
"minecraft:block.note_block.pling",907
"minecraft:block.note_block.snare",908
"minecraft:block.note_block.xylophone",909
"minecraft:block.nylium.break",864
"minecraft:block.nylium.fall",868
"minecraft:block.nylium.hit",867
"minecraft:block.nylium.place",866
"minecraft:block.nylium.step",865
"minecraft:block.packed_mud.break",854
"minecraft:block.packed_mud.fall",855
"minecraft:block.packed_mud.hit",856
"minecraft:block.packed_mud.place",857
"minecraft:block.packed_mud.step",858
"minecraft:block.pink_petals.break",753
"minecraft:block.pink_petals.fall",754
"minecraft:block.pink_petals.hit",755
"minecraft:block.pink_petals.place",756
"minecraft:block.pink_petals.step",757
"minecraft:block.piston.contract",1007
"minecraft:block.piston.extend",1008
"minecraft:block.pointed_dripstone.break",374
"minecraft:block.pointed_dripstone.drip_lava",380
"minecraft:block.pointed_dripstone.drip_lava_into_cauldron",382
"minecraft:block.pointed_dripstone.drip_water",381
"minecraft:block.pointed_dripstone.drip_water_into_cauldron",383
"minecraft:block.pointed_dripstone.fall",378
"minecraft:block.pointed_dripstone.hit",377
"minecraft:block.pointed_dripstone.land",379
"minecraft:block.pointed_dripstone.place",376
"minecraft:block.pointed_dripstone.step",375
"minecraft:block.polished_deepslate.break",1035
"minecraft:block.polished_deepslate.fall",1036
"minecraft:block.polished_deepslate.hit",1037
"minecraft:block.polished_deepslate.place",1038
"minecraft:block.polished_deepslate.step",1039
"minecraft:block.portal.ambient",1040
"minecraft:block.portal.travel",1041
"minecraft:block.portal.trigger",1042
"minecraft:block.powder_snow.break",1043
"minecraft:block.powder_snow.fall",1044
"minecraft:block.powder_snow.hit",1045
"minecraft:block.powder_snow.place",1046
"minecraft:block.powder_snow.step",1047
"minecraft:block.pumpkin.carve",1055
"minecraft:block.redstone_torch.burnout",1080
"minecraft:block.respawn_anchor.ambient",1081
"minecraft:block.respawn_anchor.charge",1082
"minecraft:block.respawn_anchor.deplete",1083
"minecraft:block.respawn_anchor.set_spawn",1084
"minecraft:block.rooted_dirt.break",1085
"minecraft:block.rooted_dirt.fall",1086
"minecraft:block.rooted_dirt.hit",1087
"minecraft:block.rooted_dirt.place",1088
"minecraft:block.rooted_dirt.step",1089
"minecraft:block.roots.break",506
"minecraft:block.roots.fall",510
"minecraft:block.roots.hit",509
"minecraft:block.roots.place",508
"minecraft:block.roots.step",507
"minecraft:block.sand.break",1094
"minecraft:block.sand.fall",1095
"minecraft:block.sand.hit",1096
"minecraft:block.sand.place",1097
"minecraft:block.sand.step",1098
"minecraft:block.scaffolding.break",1099
"minecraft:block.scaffolding.fall",1100
"minecraft:block.scaffolding.hit",1101
"minecraft:block.scaffolding.place",1102
"minecraft:block.scaffolding.step",1103
"minecraft:block.sculk.break",1106
"minecraft:block.sculk.charge",1105
"minecraft:block.sculk.fall",1107
"minecraft:block.sculk.hit",1108
"minecraft:block.sculk.place",1109
"minecraft:block.sculk.spread",1104
"minecraft:block.sculk.step",1110
"minecraft:block.sculk_catalyst.bloom",1111
"minecraft:block.sculk_catalyst.break",1112
"minecraft:block.sculk_catalyst.fall",1113
"minecraft:block.sculk_catalyst.hit",1114
"minecraft:block.sculk_catalyst.place",1115
"minecraft:block.sculk_catalyst.step",1116
"minecraft:block.sculk_sensor.break",1119
"minecraft:block.sculk_sensor.clicking",1117
"minecraft:block.sculk_sensor.clicking_stop",1118
"minecraft:block.sculk_sensor.fall",1120
"minecraft:block.sculk_sensor.hit",1121
"minecraft:block.sculk_sensor.place",1122
"minecraft:block.sculk_sensor.step",1123
"minecraft:block.sculk_shrieker.break",1124
"minecraft:block.sculk_shrieker.fall",1125
"minecraft:block.sculk_shrieker.hit",1126
"minecraft:block.sculk_shrieker.place",1127
"minecraft:block.sculk_shrieker.shriek",1128
"minecraft:block.sculk_shrieker.step",1129
"minecraft:block.sculk_vein.break",1130
"minecraft:block.sculk_vein.fall",1131
"minecraft:block.sculk_vein.hit",1132
"minecraft:block.sculk_vein.place",1133
"minecraft:block.sculk_vein.step",1134
"minecraft:block.shroomlight.break",1142
"minecraft:block.shroomlight.fall",1146
"minecraft:block.shroomlight.hit",1145
"minecraft:block.shroomlight.place",1144
"minecraft:block.shroomlight.step",1143
"minecraft:block.shulker_box.close",1149
"minecraft:block.shulker_box.open",1150
"minecraft:block.sign.waxed_interact_fail",1393
"minecraft:block.slime_block.break",1183
"minecraft:block.slime_block.fall",1184
"minecraft:block.slime_block.hit",1185
"minecraft:block.slime_block.place",1186
"minecraft:block.slime_block.step",1187
"minecraft:block.small_amethyst_bud.break",1188
"minecraft:block.small_amethyst_bud.place",1189
"minecraft:block.small_dripleaf.break",1190
"minecraft:block.small_dripleaf.fall",1191
"minecraft:block.small_dripleaf.hit",1192
"minecraft:block.small_dripleaf.place",1193
"minecraft:block.small_dripleaf.step",1194
"minecraft:block.smithing_table.use",1224
"minecraft:block.smoker.smoke",1225
"minecraft:block.sniffer_egg.crack",1239
"minecraft:block.sniffer_egg.hatch",1240
"minecraft:block.sniffer_egg.plop",1238
"minecraft:block.snow.break",1242
"minecraft:block.snow.fall",1243
"minecraft:block.snow.hit",1249
"minecraft:block.snow.place",1250
"minecraft:block.snow.step",1251
"minecraft:block.soul_sand.break",1195
"minecraft:block.soul_sand.fall",1199
"minecraft:block.soul_sand.hit",1198
"minecraft:block.soul_sand.place",1197
"minecraft:block.soul_sand.step",1196
"minecraft:block.soul_soil.break",1200
"minecraft:block.soul_soil.fall",1204
"minecraft:block.soul_soil.hit",1203
"minecraft:block.soul_soil.place",1202
"minecraft:block.soul_soil.step",1201
"minecraft:block.spore_blossom.break",1206
"minecraft:block.spore_blossom.fall",1207
"minecraft:block.spore_blossom.hit",1208
"minecraft:block.spore_blossom.place",1209
"minecraft:block.spore_blossom.step",1210
"minecraft:block.stem.break",859
"minecraft:block.stem.fall",863
"minecraft:block.stem.hit",862
"minecraft:block.stem.place",861
"minecraft:block.stem.step",860
"minecraft:block.stone.break",1264
"minecraft:block.stone.fall",1267
"minecraft:block.stone.hit",1268
"minecraft:block.stone.place",1269
"minecraft:block.stone.step",1272
"minecraft:block.stone_button.click_off",1265
"minecraft:block.stone_button.click_on",1266
"minecraft:block.stone_pressure_plate.click_off",1270
"minecraft:block.stone_pressure_plate.click_on",1271
"minecraft:block.suspicious_gravel.break",482
"minecraft:block.suspicious_gravel.fall",486
"minecraft:block.suspicious_gravel.hit",485
"minecraft:block.suspicious_gravel.place",484
"minecraft:block.suspicious_gravel.step",483
"minecraft:block.suspicious_sand.break",477
"minecraft:block.suspicious_sand.fall",481
"minecraft:block.suspicious_sand.hit",480
"minecraft:block.suspicious_sand.place",479
"minecraft:block.suspicious_sand.step",478
"minecraft:block.sweet_berry_bush.break",1277
"minecraft:block.sweet_berry_bush.pick_berries",1279
"minecraft:block.sweet_berry_bush.place",1278
"minecraft:block.tripwire.attach",1295
"minecraft:block.tripwire.click_off",1296
"minecraft:block.tripwire.click_on",1297
"minecraft:block.tripwire.detach",1298
"minecraft:block.tuff.break",1303
"minecraft:block.tuff.fall",1307
"minecraft:block.tuff.hit",1306
"minecraft:block.tuff.place",1305
"minecraft:block.tuff.step",1304
"minecraft:block.vine.break",1357
"minecraft:block.vine.fall",1358
"minecraft:block.vine.hit",1359
"minecraft:block.vine.place",1360
"minecraft:block.vine.step",1361
"minecraft:block.wart_block.break",884
"minecraft:block.wart_block.fall",888
"minecraft:block.wart_block.hit",887
"minecraft:block.wart_block.place",886
"minecraft:block.wart_block.step",885
"minecraft:block.water.ambient",1394
"minecraft:block.weeping_vines.break",879
"minecraft:block.weeping_vines.fall",883
"minecraft:block.weeping_vines.hit",882
"minecraft:block.weeping_vines.place",881
"minecraft:block.weeping_vines.step",880
"minecraft:block.wet_grass.break",1397
"minecraft:block.wet_grass.fall",1398
"minecraft:block.wet_grass.hit",1399
"minecraft:block.wet_grass.place",1400
"minecraft:block.wet_grass.step",1401
"minecraft:block.wood.break",1435
"minecraft:block.wood.fall",1436
"minecraft:block.wood.hit",1437
"minecraft:block.wood.place",1438
"minecraft:block.wood.step",1439
"minecraft:block.wooden_button.click_off",1431
"minecraft:block.wooden_button.click_on",1432
"minecraft:block.wooden_door.close",1427
"minecraft:block.wooden_door.open",1428
"minecraft:block.wooden_pressure_plate.click_off",1433
"minecraft:block.wooden_pressure_plate.click_on",1434
"minecraft:block.wooden_trapdoor.close",1429
"minecraft:block.wooden_trapdoor.open",1430
"minecraft:block.wool.break",1440
"minecraft:block.wool.fall",1441
"minecraft:block.wool.hit",1442
"minecraft:block.wool.place",1443
"minecraft:block.wool.step",1444
"minecraft:enchant.thorns.hit",1284
"minecraft:entity.allay.ambient_with_item",0
"minecraft:entity.allay.ambient_without_item",1
"minecraft:entity.allay.death",2
"minecraft:entity.allay.hurt",3
"minecraft:entity.allay.item_given",4
"minecraft:entity.allay.item_taken",5
"minecraft:entity.allay.item_thrown",6
"minecraft:entity.armor_stand.break",63
"minecraft:entity.armor_stand.fall",64
"minecraft:entity.armor_stand.hit",65
"minecraft:entity.armor_stand.place",66
"minecraft:entity.arrow.hit",67
"minecraft:entity.arrow.hit_player",68
"minecraft:entity.arrow.shoot",69
"minecraft:entity.axolotl.attack",73
"minecraft:entity.axolotl.death",74
"minecraft:entity.axolotl.hurt",75
"minecraft:entity.axolotl.idle_air",76
"minecraft:entity.axolotl.idle_water",77
"minecraft:entity.axolotl.splash",78
"minecraft:entity.axolotl.swim",79
"minecraft:entity.bat.ambient",120
"minecraft:entity.bat.death",121
"minecraft:entity.bat.hurt",122
"minecraft:entity.bat.loop",123
"minecraft:entity.bat.takeoff",124
"minecraft:entity.bee.death",129
"minecraft:entity.bee.hurt",130
"minecraft:entity.bee.loop",132
"minecraft:entity.bee.loop_aggressive",131
"minecraft:entity.bee.pollinate",134
"minecraft:entity.bee.sting",133
"minecraft:entity.blaze.ambient",147
"minecraft:entity.blaze.burn",148
"minecraft:entity.blaze.death",149
"minecraft:entity.blaze.hurt",150
"minecraft:entity.blaze.shoot",151
"minecraft:entity.boat.paddle_land",152
"minecraft:entity.boat.paddle_water",153
"minecraft:entity.camel.ambient",198
"minecraft:entity.camel.dash",199
"minecraft:entity.camel.dash_ready",200
"minecraft:entity.camel.death",201
"minecraft:entity.camel.eat",202
"minecraft:entity.camel.hurt",203
"minecraft:entity.camel.saddle",204
"minecraft:entity.camel.sit",205
"minecraft:entity.camel.stand",206
"minecraft:entity.camel.step",207
"minecraft:entity.camel.step_sand",208
"minecraft:entity.cat.ambient",217
"minecraft:entity.cat.beg_for_food",222
"minecraft:entity.cat.death",219
"minecraft:entity.cat.eat",220
"minecraft:entity.cat.hiss",221
"minecraft:entity.cat.hurt",223
"minecraft:entity.cat.purr",224
"minecraft:entity.cat.purreow",225
"minecraft:entity.cat.stray_ambient",218
"minecraft:entity.chicken.ambient",270
"minecraft:entity.chicken.death",271
"minecraft:entity.chicken.egg",272
"minecraft:entity.chicken.hurt",273
"minecraft:entity.chicken.step",274
"minecraft:entity.cod.ambient",287
"minecraft:entity.cod.death",288
"minecraft:entity.cod.flop",289
"minecraft:entity.cod.hurt",290
"minecraft:entity.cow.ambient",311
"minecraft:entity.cow.death",312
"minecraft:entity.cow.hurt",313
"minecraft:entity.cow.milk",314
"minecraft:entity.cow.step",315
"minecraft:entity.creeper.death",316
"minecraft:entity.creeper.hurt",317
"minecraft:entity.creeper.primed",318
"minecraft:entity.dolphin.ambient",353
"minecraft:entity.dolphin.ambient_water",354
"minecraft:entity.dolphin.attack",355
"minecraft:entity.dolphin.death",356
"minecraft:entity.dolphin.eat",357
"minecraft:entity.dolphin.hurt",358
"minecraft:entity.dolphin.jump",359
"minecraft:entity.dolphin.play",360
"minecraft:entity.dolphin.splash",361
"minecraft:entity.dolphin.swim",362
"minecraft:entity.donkey.ambient",363
"minecraft:entity.donkey.angry",364
"minecraft:entity.donkey.chest",365
"minecraft:entity.donkey.death",366
"minecraft:entity.donkey.eat",367
"minecraft:entity.donkey.hurt",368
"minecraft:entity.dragon_fireball.explode",411
"minecraft:entity.drowned.ambient",386
"minecraft:entity.drowned.ambient_water",387
"minecraft:entity.drowned.death",388
"minecraft:entity.drowned.death_water",389
"minecraft:entity.drowned.hurt",390
"minecraft:entity.drowned.hurt_water",391
"minecraft:entity.drowned.shoot",392
"minecraft:entity.drowned.step",393
"minecraft:entity.drowned.swim",394
"minecraft:entity.egg.throw",396
"minecraft:entity.elder_guardian.ambient",397
"minecraft:entity.elder_guardian.ambient_land",398
"minecraft:entity.elder_guardian.curse",399
"minecraft:entity.elder_guardian.death",400
"minecraft:entity.elder_guardian.death_land",401
"minecraft:entity.elder_guardian.flop",402
"minecraft:entity.elder_guardian.hurt",403
"minecraft:entity.elder_guardian.hurt_land",404
"minecraft:entity.ender_dragon.ambient",409
"minecraft:entity.ender_dragon.death",410
"minecraft:entity.ender_dragon.flap",412
"minecraft:entity.ender_dragon.growl",413
"minecraft:entity.ender_dragon.hurt",414
"minecraft:entity.ender_dragon.shoot",415
"minecraft:entity.ender_eye.death",416
"minecraft:entity.ender_eye.launch",417
"minecraft:entity.ender_pearl.throw",428
"minecraft:entity.enderman.ambient",418
"minecraft:entity.enderman.death",419
"minecraft:entity.enderman.hurt",420
"minecraft:entity.enderman.scream",421
"minecraft:entity.enderman.stare",422
"minecraft:entity.enderman.teleport",423
"minecraft:entity.endermite.ambient",424
"minecraft:entity.endermite.death",425
"minecraft:entity.endermite.hurt",426
"minecraft:entity.endermite.step",427
"minecraft:entity.evoker.ambient",432
"minecraft:entity.evoker.cast_spell",433
"minecraft:entity.evoker.celebrate",434
"minecraft:entity.evoker.death",435
"minecraft:entity.evoker.hurt",437
"minecraft:entity.evoker.prepare_attack",438
"minecraft:entity.evoker.prepare_summon",439
"minecraft:entity.evoker.prepare_wololo",440
"minecraft:entity.evoker_fangs.attack",436
"minecraft:entity.experience_bottle.throw",441
"minecraft:entity.experience_orb.pickup",442
"minecraft:entity.firework_rocket.blast",446
"minecraft:entity.firework_rocket.blast_far",447
"minecraft:entity.firework_rocket.large_blast",448
"minecraft:entity.firework_rocket.large_blast_far",449
"minecraft:entity.firework_rocket.launch",450
"minecraft:entity.firework_rocket.shoot",451
"minecraft:entity.firework_rocket.twinkle",452
"minecraft:entity.firework_rocket.twinkle_far",453
"minecraft:entity.fish.swim",456
"minecraft:entity.fishing_bobber.retrieve",457
"minecraft:entity.fishing_bobber.splash",458
"minecraft:entity.fishing_bobber.throw",459
"minecraft:entity.fox.aggro",466
"minecraft:entity.fox.ambient",467
"minecraft:entity.fox.bite",468
"minecraft:entity.fox.death",469
"minecraft:entity.fox.eat",470
"minecraft:entity.fox.hurt",471
"minecraft:entity.fox.screech",472
"minecraft:entity.fox.sleep",473
"minecraft:entity.fox.sniff",474
"minecraft:entity.fox.spit",475
"minecraft:entity.fox.teleport",476
"minecraft:entity.frog.ambient",498
"minecraft:entity.frog.death",499
"minecraft:entity.frog.eat",500
"minecraft:entity.frog.hurt",501
"minecraft:entity.frog.lay_spawn",502
"minecraft:entity.frog.long_jump",503
"minecraft:entity.frog.step",504
"minecraft:entity.frog.tongue",505
"minecraft:entity.generic.big_fall",512
"minecraft:entity.generic.burn",513
"minecraft:entity.generic.death",514
"minecraft:entity.generic.drink",515
"minecraft:entity.generic.eat",516
"minecraft:entity.generic.explode",517
"minecraft:entity.generic.extinguish_fire",518
"minecraft:entity.generic.hurt",519
"minecraft:entity.generic.small_fall",520
"minecraft:entity.generic.splash",521
"minecraft:entity.generic.swim",522
"minecraft:entity.ghast.ambient",523
"minecraft:entity.ghast.death",524
"minecraft:entity.ghast.hurt",525
"minecraft:entity.ghast.scream",526
"minecraft:entity.ghast.shoot",527
"minecraft:entity.ghast.warn",528
"minecraft:entity.glow_item_frame.add_item",540
"minecraft:entity.glow_item_frame.break",541
"minecraft:entity.glow_item_frame.place",542
"minecraft:entity.glow_item_frame.remove_item",543
"minecraft:entity.glow_item_frame.rotate_item",544
"minecraft:entity.glow_squid.ambient",545
"minecraft:entity.glow_squid.death",546
"minecraft:entity.glow_squid.hurt",547
"minecraft:entity.glow_squid.squirt",548
"minecraft:entity.goat.ambient",549
"minecraft:entity.goat.death",550
"minecraft:entity.goat.eat",551
"minecraft:entity.goat.horn_break",557
"minecraft:entity.goat.hurt",552
"minecraft:entity.goat.long_jump",553
"minecraft:entity.goat.milk",554
"minecraft:entity.goat.prepare_ram",555
"minecraft:entity.goat.ram_impact",556
"minecraft:entity.goat.screaming.ambient",559
"minecraft:entity.goat.screaming.death",560
"minecraft:entity.goat.screaming.eat",561
"minecraft:entity.goat.screaming.horn_break",567
"minecraft:entity.goat.screaming.hurt",562
"minecraft:entity.goat.screaming.long_jump",563
"minecraft:entity.goat.screaming.milk",564
"minecraft:entity.goat.screaming.prepare_ram",565
"minecraft:entity.goat.screaming.ram_impact",566
"minecraft:entity.goat.step",568
"minecraft:entity.guardian.ambient",581
"minecraft:entity.guardian.ambient_land",582
"minecraft:entity.guardian.attack",583
"minecraft:entity.guardian.death",584
"minecraft:entity.guardian.death_land",585
"minecraft:entity.guardian.flop",586
"minecraft:entity.guardian.hurt",587
"minecraft:entity.guardian.hurt_land",588
"minecraft:entity.hoglin.ambient",610
"minecraft:entity.hoglin.angry",611
"minecraft:entity.hoglin.attack",612
"minecraft:entity.hoglin.converted_to_zombified",613
"minecraft:entity.hoglin.death",614
"minecraft:entity.hoglin.hurt",615
"minecraft:entity.hoglin.retreat",616
"minecraft:entity.hoglin.step",617
"minecraft:entity.horse.ambient",634
"minecraft:entity.horse.angry",635
"minecraft:entity.horse.armor",636
"minecraft:entity.horse.breathe",637
"minecraft:entity.horse.death",638
"minecraft:entity.horse.eat",639
"minecraft:entity.horse.gallop",640
"minecraft:entity.horse.hurt",641
"minecraft:entity.horse.jump",642
"minecraft:entity.horse.land",643
"minecraft:entity.horse.saddle",644
"minecraft:entity.horse.step",645
"minecraft:entity.horse.step_wood",646
"minecraft:entity.hostile.big_fall",647
"minecraft:entity.hostile.death",648
"minecraft:entity.hostile.hurt",649
"minecraft:entity.hostile.small_fall",650
"minecraft:entity.hostile.splash",651
"minecraft:entity.hostile.swim",652
"minecraft:entity.husk.ambient",653
"minecraft:entity.husk.converted_to_zombie",654
"minecraft:entity.husk.death",655
"minecraft:entity.husk.hurt",656
"minecraft:entity.husk.step",657
"minecraft:entity.illusioner.ambient",658
"minecraft:entity.illusioner.cast_spell",659
"minecraft:entity.illusioner.death",660
"minecraft:entity.illusioner.hurt",661
"minecraft:entity.illusioner.mirror_move",662
"minecraft:entity.illusioner.prepare_blindness",663
"minecraft:entity.illusioner.prepare_mirror",664
"minecraft:entity.iron_golem.attack",668
"minecraft:entity.iron_golem.damage",669
"minecraft:entity.iron_golem.death",670
"minecraft:entity.iron_golem.hurt",671
"minecraft:entity.iron_golem.repair",672
"minecraft:entity.iron_golem.step",673
"minecraft:entity.item.break",681
"minecraft:entity.item.pickup",682
"minecraft:entity.item_frame.add_item",676
"minecraft:entity.item_frame.break",677
"minecraft:entity.item_frame.place",678
"minecraft:entity.item_frame.remove_item",679
"minecraft:entity.item_frame.rotate_item",680
"minecraft:entity.leash_knot.break",698
"minecraft:entity.leash_knot.place",699
"minecraft:entity.lightning_bolt.impact",701
"minecraft:entity.lightning_bolt.thunder",702
"minecraft:entity.lingering_potion.throw",703
"minecraft:entity.llama.ambient",704
"minecraft:entity.llama.angry",705
"minecraft:entity.llama.chest",706
"minecraft:entity.llama.death",707
"minecraft:entity.llama.eat",708
"minecraft:entity.llama.hurt",709
"minecraft:entity.llama.spit",710
"minecraft:entity.llama.step",711
"minecraft:entity.llama.swag",712
"minecraft:entity.magma_cube.death",720
"minecraft:entity.magma_cube.death_small",713
"minecraft:entity.magma_cube.hurt",721
"minecraft:entity.magma_cube.hurt_small",722
"minecraft:entity.magma_cube.jump",723
"minecraft:entity.magma_cube.squish",724
"minecraft:entity.magma_cube.squish_small",725
"minecraft:entity.minecart.inside",741
"minecraft:entity.minecart.inside.underwater",740
"minecraft:entity.minecart.riding",742
"minecraft:entity.mooshroom.convert",743
"minecraft:entity.mooshroom.eat",744
"minecraft:entity.mooshroom.milk",745
"minecraft:entity.mooshroom.shear",747
"minecraft:entity.mooshroom.suspicious_milk",746
"minecraft:entity.mule.ambient",778
"minecraft:entity.mule.angry",779
"minecraft:entity.mule.chest",780
"minecraft:entity.mule.death",781
"minecraft:entity.mule.eat",782
"minecraft:entity.mule.hurt",783
"minecraft:entity.ocelot.ambient",922
"minecraft:entity.ocelot.death",923
"minecraft:entity.ocelot.hurt",921
"minecraft:entity.painting.break",924
"minecraft:entity.painting.place",925
"minecraft:entity.panda.aggressive_ambient",933
"minecraft:entity.panda.ambient",928
"minecraft:entity.panda.bite",936
"minecraft:entity.panda.cant_breed",932
"minecraft:entity.panda.death",929
"minecraft:entity.panda.eat",930
"minecraft:entity.panda.hurt",935
"minecraft:entity.panda.pre_sneeze",926
"minecraft:entity.panda.sneeze",927
"minecraft:entity.panda.step",931
"minecraft:entity.panda.worried_ambient",934
"minecraft:entity.parrot.ambient",937
"minecraft:entity.parrot.death",938
"minecraft:entity.parrot.eat",939
"minecraft:entity.parrot.fly",940
"minecraft:entity.parrot.hurt",941
"minecraft:entity.parrot.imitate.blaze",942
"minecraft:entity.parrot.imitate.creeper",943
"minecraft:entity.parrot.imitate.drowned",944
"minecraft:entity.parrot.imitate.elder_guardian",945
"minecraft:entity.parrot.imitate.ender_dragon",946
"minecraft:entity.parrot.imitate.endermite",947
"minecraft:entity.parrot.imitate.evoker",948
"minecraft:entity.parrot.imitate.ghast",949
"minecraft:entity.parrot.imitate.guardian",950
"minecraft:entity.parrot.imitate.hoglin",951
"minecraft:entity.parrot.imitate.husk",952
"minecraft:entity.parrot.imitate.illusioner",953
"minecraft:entity.parrot.imitate.magma_cube",954
"minecraft:entity.parrot.imitate.phantom",955
"minecraft:entity.parrot.imitate.piglin",956
"minecraft:entity.parrot.imitate.piglin_brute",957
"minecraft:entity.parrot.imitate.pillager",958
"minecraft:entity.parrot.imitate.ravager",959
"minecraft:entity.parrot.imitate.shulker",960
"minecraft:entity.parrot.imitate.silverfish",961
"minecraft:entity.parrot.imitate.skeleton",962
"minecraft:entity.parrot.imitate.slime",963
"minecraft:entity.parrot.imitate.spider",964
"minecraft:entity.parrot.imitate.stray",965
"minecraft:entity.parrot.imitate.vex",966
"minecraft:entity.parrot.imitate.vindicator",967
"minecraft:entity.parrot.imitate.warden",968
"minecraft:entity.parrot.imitate.witch",969
"minecraft:entity.parrot.imitate.wither",970
"minecraft:entity.parrot.imitate.wither_skeleton",971
"minecraft:entity.parrot.imitate.zoglin",972
"minecraft:entity.parrot.imitate.zombie",973
"minecraft:entity.parrot.imitate.zombie_villager",974
"minecraft:entity.parrot.step",975
"minecraft:entity.phantom.ambient",976
"minecraft:entity.phantom.bite",977
"minecraft:entity.phantom.death",978
"minecraft:entity.phantom.flap",979
"minecraft:entity.phantom.hurt",980
"minecraft:entity.phantom.swoop",981
"minecraft:entity.pig.ambient",982
"minecraft:entity.pig.death",983
"minecraft:entity.pig.hurt",984
"minecraft:entity.pig.saddle",985
"minecraft:entity.pig.step",986
"minecraft:entity.piglin.admiring_item",987
"minecraft:entity.piglin.ambient",988
"minecraft:entity.piglin.angry",989
"minecraft:entity.piglin.celebrate",990
"minecraft:entity.piglin.converted_to_zombified",996
"minecraft:entity.piglin.death",991
"minecraft:entity.piglin.hurt",993
"minecraft:entity.piglin.jealous",992
"minecraft:entity.piglin.retreat",994
"minecraft:entity.piglin.step",995
"minecraft:entity.piglin_brute.ambient",997
"minecraft:entity.piglin_brute.angry",998
"minecraft:entity.piglin_brute.converted_to_zombified",1002
"minecraft:entity.piglin_brute.death",999
"minecraft:entity.piglin_brute.hurt",1000
"minecraft:entity.piglin_brute.step",1001
"minecraft:entity.pillager.ambient",1003
"minecraft:entity.pillager.celebrate",1004
"minecraft:entity.pillager.death",1005
"minecraft:entity.pillager.hurt",1006
"minecraft:entity.player.attack.crit",1009
"minecraft:entity.player.attack.knockback",1010
"minecraft:entity.player.attack.nodamage",1011
"minecraft:entity.player.attack.strong",1012
"minecraft:entity.player.attack.sweep",1013
"minecraft:entity.player.attack.weak",1014
"minecraft:entity.player.big_fall",1015
"minecraft:entity.player.breath",1016
"minecraft:entity.player.burp",1017
"minecraft:entity.player.death",1018
"minecraft:entity.player.hurt",1019
"minecraft:entity.player.hurt_drown",1020
"minecraft:entity.player.hurt_freeze",1021
"minecraft:entity.player.hurt_on_fire",1022
"minecraft:entity.player.hurt_sweet_berry_bush",1023
"minecraft:entity.player.levelup",1024
"minecraft:entity.player.small_fall",1025
"minecraft:entity.player.splash",1026
"minecraft:entity.player.splash.high_speed",1027
"minecraft:entity.player.swim",1028
"minecraft:entity.polar_bear.ambient",1029
"minecraft:entity.polar_bear.ambient_baby",1030
"minecraft:entity.polar_bear.death",1031
"minecraft:entity.polar_bear.hurt",1032
"minecraft:entity.polar_bear.step",1033
"minecraft:entity.polar_bear.warning",1034
"minecraft:entity.puffer_fish.ambient",1048
"minecraft:entity.puffer_fish.blow_out",1049
"minecraft:entity.puffer_fish.blow_up",1050
"minecraft:entity.puffer_fish.death",1051
"minecraft:entity.puffer_fish.flop",1052
"minecraft:entity.puffer_fish.hurt",1053
"minecraft:entity.puffer_fish.sting",1054
"minecraft:entity.rabbit.ambient",1056
"minecraft:entity.rabbit.attack",1057
"minecraft:entity.rabbit.death",1058
"minecraft:entity.rabbit.hurt",1059
"minecraft:entity.rabbit.jump",1060
"minecraft:entity.ravager.ambient",1062
"minecraft:entity.ravager.attack",1063
"minecraft:entity.ravager.celebrate",1064
"minecraft:entity.ravager.death",1065
"minecraft:entity.ravager.hurt",1066
"minecraft:entity.ravager.roar",1069
"minecraft:entity.ravager.step",1067
"minecraft:entity.ravager.stunned",1068
"minecraft:entity.salmon.ambient",1090
"minecraft:entity.salmon.death",1091
"minecraft:entity.salmon.flop",1092
"minecraft:entity.salmon.hurt",1093
"minecraft:entity.sheep.ambient",1135
"minecraft:entity.sheep.death",1136
"minecraft:entity.sheep.hurt",1137
"minecraft:entity.sheep.shear",1138
"minecraft:entity.sheep.step",1139
"minecraft:entity.shulker.ambient",1148
"minecraft:entity.shulker.close",1153
"minecraft:entity.shulker.death",1154
"minecraft:entity.shulker.hurt",1155
"minecraft:entity.shulker.hurt_closed",1156
"minecraft:entity.shulker.open",1157
"minecraft:entity.shulker.shoot",1158
"minecraft:entity.shulker.teleport",1159
"minecraft:entity.shulker_bullet.hit",1151
"minecraft:entity.shulker_bullet.hurt",1152
"minecraft:entity.silverfish.ambient",1160
"minecraft:entity.silverfish.death",1161
"minecraft:entity.silverfish.hurt",1162
"minecraft:entity.silverfish.step",1163
"minecraft:entity.skeleton.ambient",1164
"minecraft:entity.skeleton.converted_to_stray",1165
"minecraft:entity.skeleton.death",1166
"minecraft:entity.skeleton.hurt",1175
"minecraft:entity.skeleton.shoot",1176
"minecraft:entity.skeleton.step",1177
"minecraft:entity.skeleton_horse.ambient",1167
"minecraft:entity.skeleton_horse.ambient_water",1171
"minecraft:entity.skeleton_horse.death",1168
"minecraft:entity.skeleton_horse.gallop_water",1172
"minecraft:entity.skeleton_horse.hurt",1169
"minecraft:entity.skeleton_horse.jump_water",1173
"minecraft:entity.skeleton_horse.step_water",1174
"minecraft:entity.skeleton_horse.swim",1170
"minecraft:entity.slime.attack",1178
"minecraft:entity.slime.death",1179
"minecraft:entity.slime.death_small",1220
"minecraft:entity.slime.hurt",1180
"minecraft:entity.slime.hurt_small",1221
"minecraft:entity.slime.jump",1181
"minecraft:entity.slime.jump_small",1222
"minecraft:entity.slime.squish",1182
"minecraft:entity.slime.squish_small",1223
"minecraft:entity.sniffer.death",1230
"minecraft:entity.sniffer.digging",1235
"minecraft:entity.sniffer.digging_stop",1236
"minecraft:entity.sniffer.drop_seed",1231
"minecraft:entity.sniffer.eat",1227
"minecraft:entity.sniffer.happy",1237
"minecraft:entity.sniffer.hurt",1229
"minecraft:entity.sniffer.idle",1228
"minecraft:entity.sniffer.scenting",1232
"minecraft:entity.sniffer.searching",1234
"minecraft:entity.sniffer.sniffing",1233
"minecraft:entity.sniffer.step",1226
"minecraft:entity.snow_golem.ambient",1244
"minecraft:entity.snow_golem.death",1245
"minecraft:entity.snow_golem.hurt",1246
"minecraft:entity.snow_golem.shear",1248
"minecraft:entity.snow_golem.shoot",1247
"minecraft:entity.snowball.throw",1241
"minecraft:entity.spider.ambient",1252
"minecraft:entity.spider.death",1253
"minecraft:entity.spider.hurt",1254
"minecraft:entity.spider.step",1255
"minecraft:entity.splash_potion.break",1256
"minecraft:entity.splash_potion.throw",1257
"minecraft:entity.squid.ambient",1260
"minecraft:entity.squid.death",1261
"minecraft:entity.squid.hurt",1262
"minecraft:entity.squid.squirt",1263
"minecraft:entity.stray.ambient",1273
"minecraft:entity.stray.death",1274
"minecraft:entity.stray.hurt",1275
"minecraft:entity.stray.step",1276
"minecraft:entity.strider.ambient",1211
"minecraft:entity.strider.death",1214
"minecraft:entity.strider.eat",1218
"minecraft:entity.strider.happy",1212
"minecraft:entity.strider.hurt",1215
"minecraft:entity.strider.retreat",1213
"minecraft:entity.strider.saddle",1219
"minecraft:entity.strider.step",1216
"minecraft:entity.strider.step_lava",1217
"minecraft:entity.tadpole.death",1280
"minecraft:entity.tadpole.flop",1281
"minecraft:entity.tadpole.grow_up",1282
"minecraft:entity.tadpole.hurt",1283
"minecraft:entity.tnt.primed",1285
"minecraft:entity.tropical_fish.ambient",1299
"minecraft:entity.tropical_fish.death",1300
"minecraft:entity.tropical_fish.flop",1301
"minecraft:entity.tropical_fish.hurt",1302
"minecraft:entity.turtle.ambient_land",1308
"minecraft:entity.turtle.death",1309
"minecraft:entity.turtle.death_baby",1310
"minecraft:entity.turtle.egg_break",1311
"minecraft:entity.turtle.egg_crack",1312
"minecraft:entity.turtle.egg_hatch",1313
"minecraft:entity.turtle.hurt",1314
"minecraft:entity.turtle.hurt_baby",1315
"minecraft:entity.turtle.lay_egg",1316
"minecraft:entity.turtle.shamble",1317
"minecraft:entity.turtle.shamble_baby",1318
"minecraft:entity.turtle.swim",1319
"minecraft:entity.vex.ambient",1329
"minecraft:entity.vex.charge",1330
"minecraft:entity.vex.death",1331
"minecraft:entity.vex.hurt",1332
"minecraft:entity.villager.ambient",1333
"minecraft:entity.villager.celebrate",1334
"minecraft:entity.villager.death",1335
"minecraft:entity.villager.hurt",1336
"minecraft:entity.villager.no",1337
"minecraft:entity.villager.trade",1338
"minecraft:entity.villager.work_armorer",1340
"minecraft:entity.villager.work_butcher",1341
"minecraft:entity.villager.work_cartographer",1342
"minecraft:entity.villager.work_cleric",1343
"minecraft:entity.villager.work_farmer",1344
"minecraft:entity.villager.work_fisherman",1345
"minecraft:entity.villager.work_fletcher",1346
"minecraft:entity.villager.work_leatherworker",1347
"minecraft:entity.villager.work_librarian",1348
"minecraft:entity.villager.work_mason",1349
"minecraft:entity.villager.work_shepherd",1350
"minecraft:entity.villager.work_toolsmith",1351
"minecraft:entity.villager.work_weaponsmith",1352
"minecraft:entity.villager.yes",1339
"minecraft:entity.vindicator.ambient",1353
"minecraft:entity.vindicator.celebrate",1354
"minecraft:entity.vindicator.death",1355
"minecraft:entity.vindicator.hurt",1356
"minecraft:entity.wandering_trader.ambient",1363
"minecraft:entity.wandering_trader.death",1364
"minecraft:entity.wandering_trader.disappeared",1365
"minecraft:entity.wandering_trader.drink_milk",1366
"minecraft:entity.wandering_trader.drink_potion",1367
"minecraft:entity.wandering_trader.hurt",1368
"minecraft:entity.wandering_trader.no",1369
"minecraft:entity.wandering_trader.reappeared",1370
"minecraft:entity.wandering_trader.trade",1371
"minecraft:entity.wandering_trader.yes",1372
"minecraft:entity.warden.agitated",1373
"minecraft:entity.warden.ambient",1374
"minecraft:entity.warden.angry",1375
"minecraft:entity.warden.attack_impact",1376
"minecraft:entity.warden.death",1377
"minecraft:entity.warden.dig",1378
"minecraft:entity.warden.emerge",1379
"minecraft:entity.warden.heartbeat",1380
"minecraft:entity.warden.hurt",1381
"minecraft:entity.warden.listening",1382
"minecraft:entity.warden.listening_angry",1383
"minecraft:entity.warden.nearby_close",1384
"minecraft:entity.warden.nearby_closer",1385
"minecraft:entity.warden.nearby_closest",1386
"minecraft:entity.warden.roar",1387
"minecraft:entity.warden.sniff",1388
"minecraft:entity.warden.sonic_boom",1389
"minecraft:entity.warden.sonic_charge",1390
"minecraft:entity.warden.step",1391
"minecraft:entity.warden.tendril_clicks",1392
"minecraft:entity.witch.ambient",1402
"minecraft:entity.witch.celebrate",1403
"minecraft:entity.witch.death",1404
"minecraft:entity.witch.drink",1405
"minecraft:entity.witch.hurt",1406
"minecraft:entity.witch.throw",1407
"minecraft:entity.wither.ambient",1408
"minecraft:entity.wither.break_block",1409
"minecraft:entity.wither.death",1410
"minecraft:entity.wither.hurt",1411
"minecraft:entity.wither.shoot",1412
"minecraft:entity.wither.spawn",1417
"minecraft:entity.wither_skeleton.ambient",1413
"minecraft:entity.wither_skeleton.death",1414
"minecraft:entity.wither_skeleton.hurt",1415
"minecraft:entity.wither_skeleton.step",1416
"minecraft:entity.wolf.ambient",1418
"minecraft:entity.wolf.death",1419
"minecraft:entity.wolf.growl",1420
"minecraft:entity.wolf.howl",1421
"minecraft:entity.wolf.hurt",1422
"minecraft:entity.wolf.pant",1423
"minecraft:entity.wolf.shake",1424
"minecraft:entity.wolf.step",1425
"minecraft:entity.wolf.whine",1426
"minecraft:entity.zoglin.ambient",1445
"minecraft:entity.zoglin.angry",1446
"minecraft:entity.zoglin.attack",1447
"minecraft:entity.zoglin.death",1448
"minecraft:entity.zoglin.hurt",1449
"minecraft:entity.zoglin.step",1450
"minecraft:entity.zombie.ambient",1451
"minecraft:entity.zombie.attack_iron_door",1453
"minecraft:entity.zombie.attack_wooden_door",1452
"minecraft:entity.zombie.break_wooden_door",1454
"minecraft:entity.zombie.converted_to_drowned",1455
"minecraft:entity.zombie.death",1456
"minecraft:entity.zombie.destroy_egg",1457
"minecraft:entity.zombie.hurt",1461
"minecraft:entity.zombie.infect",1462
"minecraft:entity.zombie.step",1467
"minecraft:entity.zombie_horse.ambient",1458
"minecraft:entity.zombie_horse.death",1459
"minecraft:entity.zombie_horse.hurt",1460
"minecraft:entity.zombie_villager.ambient",1468
"minecraft:entity.zombie_villager.converted",1469
"minecraft:entity.zombie_villager.cure",1470
"minecraft:entity.zombie_villager.death",1471
"minecraft:entity.zombie_villager.hurt",1472
"minecraft:entity.zombie_villager.step",1473
"minecraft:entity.zombified_piglin.ambient",1463
"minecraft:entity.zombified_piglin.angry",1464
"minecraft:entity.zombified_piglin.death",1465
"minecraft:entity.zombified_piglin.hurt",1466
"minecraft:event.raid.horn",1061
"minecraft:intentionally_empty",853
"minecraft:item.armor.equip_chain",54
"minecraft:item.armor.equip_diamond",55
"minecraft:item.armor.equip_elytra",56
"minecraft:item.armor.equip_generic",57
"minecraft:item.armor.equip_gold",58
"minecraft:item.armor.equip_iron",59
"minecraft:item.armor.equip_leather",60
"minecraft:item.armor.equip_netherite",61
"minecraft:item.armor.equip_turtle",62
"minecraft:item.axe.scrape",71
"minecraft:item.axe.strip",70
"minecraft:item.axe.wax_off",72
"minecraft:item.bone_meal.use",159
"minecraft:item.book.page_turn",160
"minecraft:item.book.put",161
"minecraft:item.bottle.empty",163
"minecraft:item.bottle.fill",164
"minecraft:item.bottle.fill_dragonbreath",165
"minecraft:item.brush.brushing.generic",167
"minecraft:item.brush.brushing.gravel",169
"minecraft:item.brush.brushing.gravel.complete",171
"minecraft:item.brush.brushing.sand",168
"minecraft:item.brush.brushing.sand.complete",170
"minecraft:item.bucket.empty",177
"minecraft:item.bucket.empty_axolotl",178
"minecraft:item.bucket.empty_fish",179
"minecraft:item.bucket.empty_lava",180
"minecraft:item.bucket.empty_powder_snow",181
"minecraft:item.bucket.empty_tadpole",182
"minecraft:item.bucket.fill",183
"minecraft:item.bucket.fill_axolotl",184
"minecraft:item.bucket.fill_fish",185
"minecraft:item.bucket.fill_lava",186
"minecraft:item.bucket.fill_powder_snow",187
"minecraft:item.bucket.fill_tadpole",188
"minecraft:item.bundle.drop_contents",189
"minecraft:item.bundle.insert",190
"minecraft:item.bundle.remove_one",191
"minecraft:item.chorus_fruit.teleport",286
"minecraft:item.crop.plant",320
"minecraft:item.crossbow.hit",321
"minecraft:item.crossbow.loading_end",322
"minecraft:item.crossbow.loading_middle",323
"minecraft:item.crossbow.loading_start",324
"minecraft:item.crossbow.quick_charge_1",325
"minecraft:item.crossbow.quick_charge_2",326
"minecraft:item.crossbow.quick_charge_3",327
"minecraft:item.crossbow.shoot",328
"minecraft:item.dye.use",395
"minecraft:item.elytra.flying",405
"minecraft:item.firecharge.use",445
"minecraft:item.flintandsteel.use",460
"minecraft:item.glow_ink_sac.use",539
"minecraft:item.goat_horn.play",558
"minecraft:item.goat_horn.sound.0",626
"minecraft:item.goat_horn.sound.1",627
"minecraft:item.goat_horn.sound.2",628
"minecraft:item.goat_horn.sound.3",629
"minecraft:item.goat_horn.sound.4",630
"minecraft:item.goat_horn.sound.5",631
"minecraft:item.goat_horn.sound.6",632
"minecraft:item.goat_horn.sound.7",633
"minecraft:item.hoe.till",609
"minecraft:item.honey_bottle.drink",625
"minecraft:item.honeycomb.wax_on",624
"minecraft:item.ink_sac.use",665
"minecraft:item.lodestone_compass.lock",719
"minecraft:item.nether_wart.plant",837
"minecraft:item.shield.block",1140
"minecraft:item.shield.break",1141
"minecraft:item.shovel.flatten",1147
"minecraft:item.spyglass.stop_using",1259
"minecraft:item.spyglass.use",1258
"minecraft:item.totem.use",1286
"minecraft:item.trident.hit",1287
"minecraft:item.trident.hit_ground",1288
"minecraft:item.trident.return",1289
"minecraft:item.trident.riptide_1",1290
"minecraft:item.trident.riptide_2",1291
"minecraft:item.trident.riptide_3",1292
"minecraft:item.trident.throw",1293
"minecraft:item.trident.thunder",1294
"minecraft:music.creative",784
"minecraft:music.credits",785
"minecraft:music.dragon",802
"minecraft:music.end",803
"minecraft:music.game",804
"minecraft:music.menu",805
"minecraft:music.nether.basalt_deltas",806
"minecraft:music.nether.crimson_forest",807
"minecraft:music.nether.nether_wastes",818
"minecraft:music.nether.soul_sand_valley",821
"minecraft:music.nether.warped_forest",823
"minecraft:music.overworld.badlands",826
"minecraft:music.overworld.bamboo_jungle",829
"minecraft:music.overworld.cherry_grove",817
"minecraft:music.overworld.deep_dark",808
"minecraft:music.overworld.desert",825
"minecraft:music.overworld.dripstone_caves",809
"minecraft:music.overworld.flower_forest",824
"minecraft:music.overworld.forest",814
"minecraft:music.overworld.frozen_peaks",819
"minecraft:music.overworld.grove",810
"minecraft:music.overworld.jagged_peaks",811
"minecraft:music.overworld.jungle",827
"minecraft:music.overworld.lush_caves",812
"minecraft:music.overworld.meadow",816
"minecraft:music.overworld.old_growth_taiga",815
"minecraft:music.overworld.snowy_slopes",820
"minecraft:music.overworld.sparse_jungle",828
"minecraft:music.overworld.stony_peaks",822
"minecraft:music.overworld.swamp",813
"minecraft:music.under_water",830
"minecraft:music_disc.11",787
"minecraft:music_disc.13",788
"minecraft:music_disc.5",786
"minecraft:music_disc.blocks",789
"minecraft:music_disc.cat",790
"minecraft:music_disc.chirp",791
"minecraft:music_disc.far",792
"minecraft:music_disc.mall",793
"minecraft:music_disc.mellohi",794
"minecraft:music_disc.otherside",800
"minecraft:music_disc.pigstep",795
"minecraft:music_disc.relic",801
"minecraft:music_disc.stal",796
"minecraft:music_disc.strad",797
"minecraft:music_disc.wait",798
"minecraft:music_disc.ward",799
"minecraft:particle.soul_escape",1205
"minecraft:ui.button.click",1320
"minecraft:ui.cartography_table.take_result",1323
"minecraft:ui.loom.select_pattern",1321
"minecraft:ui.loom.take_result",1322
"minecraft:ui.stonecutter.select_recipe",1325
"minecraft:ui.stonecutter.take_result",1324
"minecraft:ui.toast.challenge_complete",1326
"minecraft:ui.toast.in",1327
"minecraft:ui.toast.out",1328
"minecraft:weather.rain",1395
"minecraft:weather.rain.above",1396
"modonomicon:turn_page",1744
"musketmod:blunderbuss_fire",1750
"musketmod:blunderbuss_fire_flame",1751
"musketmod:bullet_fly_by",1754
"musketmod:bullet_water_hit",1755
"musketmod:dispenser_fire",1753
"musketmod:musket_fire",1749
"musketmod:musket_load0",1745
"musketmod:musket_load1",1746
"musketmod:musket_load2",1747
"musketmod:musket_ready",1748
"musketmod:pistol_fire",1752
"naturalist:alligator_ambient",1820
"naturalist:alligator_ambient_baby",1821
"naturalist:alligator_death",1823
"naturalist:alligator_egg_break",1814
"naturalist:alligator_egg_crack",1815
"naturalist:alligator_egg_hatch",1816
"naturalist:alligator_hurt",1822
"naturalist:bass_flop",1825
"naturalist:bear_ambient",1779
"naturalist:bear_ambient_baby",1780
"naturalist:bear_death",1778
"naturalist:bear_eat",1785
"naturalist:bear_hurt",1777
"naturalist:bear_hurt_baby",1781
"naturalist:bear_sleep",1782
"naturalist:bear_sniff",1783
"naturalist:bear_spit",1784
"naturalist:bird_ambient_bluejay",1768
"naturalist:bird_ambient_canary",1769
"naturalist:bird_ambient_cardinal",1771
"naturalist:bird_ambient_finch",1772
"naturalist:bird_ambient_robin",1770
"naturalist:bird_ambient_sparrow",1773
"naturalist:bird_death",1765
"naturalist:bird_eat",1766
"naturalist:bird_fly",1767
"naturalist:bird_hurt",1764
"naturalist:boar_ambient",1811
"naturalist:boar_death",1813
"naturalist:boar_hurt",1812
"naturalist:bucket_empty_snail",1763
"naturalist:bucket_fill_snail",1762
"naturalist:catfish_flop",1824
"naturalist:deer_ambient",1786
"naturalist:deer_ambient_baby",1788
"naturalist:deer_hurt",1787
"naturalist:deer_hurt_baby",1789
"naturalist:dragonfly_loop",1826
"naturalist:duck_ambient",1827
"naturalist:duck_death",1829
"naturalist:duck_hurt",1828
"naturalist:duck_step",1830
"naturalist:elephant_ambient",1797
"naturalist:elephant_hurt",1796
"naturalist:firefly_death",1775
"naturalist:firefly_hide",1776
"naturalist:firefly_hurt",1774
"naturalist:giraffe_ambient",1808
"naturalist:hippo_ambient",1809
"naturalist:hippo_hurt",1810
"naturalist:lion_ambient",1794
"naturalist:lion_hurt",1793
"naturalist:lion_roar",1795
"naturalist:rhino_ambient",1791
"naturalist:rhino_ambient_baby",1792
"naturalist:rhino_scrape",1790
"naturalist:rubber_ducky_ambient",1831
"naturalist:rubber_ducky_death",1833
"naturalist:rubber_ducky_hurt",1832
"naturalist:snail_back",1761
"naturalist:snail_crush",1759
"naturalist:snail_forward",1760
"naturalist:snake_hiss",1756
"naturalist:snake_hurt",1757
"naturalist:snake_rattle",1758
"naturalist:tortoise_egg_break",1817
"naturalist:tortoise_egg_crack",1818
"naturalist:tortoise_egg_hatch",1819
"naturalist:vulture_ambient",1805
"naturalist:vulture_death",1807
"naturalist:vulture_hurt",1806
"naturalist:zebra_ambient",1798
"naturalist:zebra_angry",1803
"naturalist:zebra_breathe",1802
"naturalist:zebra_death",1800
"naturalist:zebra_eat",1801
"naturalist:zebra_hurt",1799
"naturalist:zebra_jump",1804
"patchouli:book_flip",1835
"patchouli:book_open",1834
"pesky_seagulls:seagull_cry_1",1836
"ribbits:entity.ribbit.ambient",1837
"ribbits:entity.ribbit.death",1838
"ribbits:entity.ribbit.hurt",1839
"ribbits:entity.ribbit.magic",1841
"ribbits:entity.ribbit.step",1840
"ribbits:music.ribbit.bass",1842
"ribbits:music.ribbit.bongo",1843
"ribbits:music.ribbit.flute",1844
"ribbits:music.ribbit.guitar",1845
"ribbits:music.ribbit.maraca",1846
"rottencreatures:burned_death",1849
"rottencreatures:burned_hurt",1848
"rottencreatures:burned_idle",1847
"rottencreatures:dead_beard_call",1862
"rottencreatures:dead_beard_death",1865
"rottencreatures:dead_beard_hurt",1864
"rottencreatures:dead_beard_idle",1863
"rottencreatures:frostbitten_death",1852
"rottencreatures:frostbitten_hurt",1851
"rottencreatures:frostbitten_idle",1850
"rottencreatures:glacial_hunter_death",1861
"rottencreatures:glacial_hunter_hurt",1860
"rottencreatures:glacial_hunter_idle",1859
"rottencreatures:immortal_angry",1866
"rottencreatures:immortal_death",1871
"rottencreatures:immortal_electroshock",1868
"rottencreatures:immortal_heal",1867
"rottencreatures:immortal_hurt",1870
"rottencreatures:immortal_idle",1869
"rottencreatures:mummy_death",1858
"rottencreatures:mummy_hurt",1857
"rottencreatures:mummy_idle",1856
"rottencreatures:swampy_death",1855
"rottencreatures:swampy_hurt",1854
"rottencreatures:swampy_idle",1853
"simplyswords:activate_plinth_03",2032
"simplyswords:ambience_wind_loop",2028
"simplyswords:dark_activation_distorted",2033
"simplyswords:dark_sword_attack_01",1881
"simplyswords:dark_sword_attack_02",1882
"simplyswords:dark_sword_attack_03",1883
"simplyswords:dark_sword_attack_with_blood_01",1884
"simplyswords:dark_sword_attack_with_blood_02",1885
"simplyswords:dark_sword_attack_with_blood_03",1886
"simplyswords:dark_sword_block",1887
"simplyswords:dark_sword_breaks",1888
"simplyswords:dark_sword_enchant",1889
"simplyswords:dark_sword_parry",1890
"simplyswords:dark_sword_spell",1891
"simplyswords:dark_sword_unfold",1892
"simplyswords:dark_sword_whoosh_01",1893
"simplyswords:dark_sword_whoosh_02",1894
"simplyswords:dark_sword_whoosh_03",1895
"simplyswords:dark_sword_whoosh_04",1896
"simplyswords:distortion_arc_01",2034
"simplyswords:distortion_arc_02",2035
"simplyswords:distortion_arc_03",2036
"simplyswords:elemental_bow_earth_shoot_flyby_01",1897
"simplyswords:elemental_bow_earth_shoot_flyby_02",1898
"simplyswords:elemental_bow_earth_shoot_flyby_03",1899
"simplyswords:elemental_bow_earth_shoot_impact_01",1900
"simplyswords:elemental_bow_earth_shoot_impact_02",1901
"simplyswords:elemental_bow_earth_shoot_impact_03",1902
"simplyswords:elemental_bow_fire_shoot_flyby_01",1903
"simplyswords:elemental_bow_fire_shoot_flyby_02",1904
"simplyswords:elemental_bow_fire_shoot_flyby_03",1905
"simplyswords:elemental_bow_fire_shoot_impact_01",1906
"simplyswords:elemental_bow_fire_shoot_impact_02",1907
"simplyswords:elemental_bow_fire_shoot_impact_03",1908
"simplyswords:elemental_bow_holy_shoot_flyby_01",1909
"simplyswords:elemental_bow_holy_shoot_flyby_02",1910
"simplyswords:elemental_bow_holy_shoot_flyby_03",1911
"simplyswords:elemental_bow_holy_shoot_impact_01",1912
"simplyswords:elemental_bow_holy_shoot_impact_02",1913
"simplyswords:elemental_bow_holy_shoot_impact_03",1914
"simplyswords:elemental_bow_ice_shoot_flyby_01",1915
"simplyswords:elemental_bow_ice_shoot_flyby_02",1916
"simplyswords:elemental_bow_ice_shoot_flyby_03",1917
"simplyswords:elemental_bow_ice_shoot_impact_01",1918
"simplyswords:elemental_bow_ice_shoot_impact_02",1919
"simplyswords:elemental_bow_ice_shoot_impact_03",1920
"simplyswords:elemental_bow_poison_attack_01",1921
"simplyswords:elemental_bow_poison_attack_02",1922
"simplyswords:elemental_bow_poison_attack_03",1923
"simplyswords:elemental_bow_recharge",1924
"simplyswords:elemental_bow_sci-fi_shoot_flyby_01",1925
"simplyswords:elemental_bow_sci-fi_shoot_flyby_02",1926
"simplyswords:elemental_bow_sci-fi_shoot_flyby_03",1927
"simplyswords:elemental_bow_sci-fi_shoot_impact_01",1928
"simplyswords:elemental_bow_sci-fi_shoot_impact_02",1929
"simplyswords:elemental_bow_sci-fi_shoot_impact_03",1930
"simplyswords:elemental_bow_thunder_shoot_flyby_01",1931
"simplyswords:elemental_bow_thunder_shoot_flyby_02",1932
"simplyswords:elemental_bow_thunder_shoot_flyby_03",1933
"simplyswords:elemental_bow_thunder_shoot_impact_01",1934
"simplyswords:elemental_bow_thunder_shoot_impact_02",1935
"simplyswords:elemental_bow_thunder_shoot_impact_03",1936
"simplyswords:elemental_bow_water_shoot_flyby_01",1937
"simplyswords:elemental_bow_water_shoot_flyby_02",1938
"simplyswords:elemental_bow_water_shoot_flyby_03",1939
"simplyswords:elemental_bow_water_shoot_impact_01",1940
"simplyswords:elemental_bow_water_shoot_impact_02",1941
"simplyswords:elemental_bow_water_shoot_impact_03",1942
"simplyswords:elemental_bow_wind_shoot_flyby_01",1943
"simplyswords:elemental_bow_wind_shoot_flyby_02",1944
"simplyswords:elemental_bow_wind_shoot_flyby_03",1945
"simplyswords:elemental_bow_wind_shoot_impact_01",1946
"simplyswords:elemental_bow_wind_shoot_impact_02",1947
"simplyswords:elemental_bow_wind_shoot_impact_03",1948
"simplyswords:elemental_sword_earth_attack_01",1949
"simplyswords:elemental_sword_earth_attack_02",1950
"simplyswords:elemental_sword_earth_attack_03",1951
"simplyswords:elemental_sword_fire_attack_01",1952
"simplyswords:elemental_sword_fire_attack_02",1953
"simplyswords:elemental_sword_fire_attack_03",1954
"simplyswords:elemental_sword_holy_attack_01",1955
"simplyswords:elemental_sword_holy_attack_02",1956
"simplyswords:elemental_sword_holy_attack_03",1957
"simplyswords:elemental_sword_ice_attack_01",1958
"simplyswords:elemental_sword_ice_attack_02",1959
"simplyswords:elemental_sword_ice_attack_03",1960
"simplyswords:elemental_sword_sci-fi_attack_01",1961
"simplyswords:elemental_sword_sci-fi_attack_02",1962
"simplyswords:elemental_sword_sci-fi_attack_03",1963
"simplyswords:elemental_sword_thunder_attack_01",1964
"simplyswords:elemental_sword_thunder_attack_02",1965
"simplyswords:elemental_sword_thunder_attack_03",1966
"simplyswords:elemental_sword_water_attack_01",1967
"simplyswords:elemental_sword_water_attack_02",1968
"simplyswords:elemental_sword_water_attack_03",1969
"simplyswords:elemental_sword_wind_attack_01",1970
"simplyswords:elemental_sword_wind_attack_02",1971
"simplyswords:elemental_sword_wind_attack_03",1972
"simplyswords:magic_bow_charge_long_version",1973
"simplyswords:magic_bow_charge_short_version",1974
"simplyswords:magic_bow_pull_back_long_version_01",1975
"simplyswords:magic_bow_pull_back_long_version_02",1976
"simplyswords:magic_bow_pull_back_long_version_03",1977
"simplyswords:magic_bow_pull_back_short_version_01",1978
"simplyswords:magic_bow_pull_back_short_version_02",1979
"simplyswords:magic_bow_pull_back_short_version_03",1980
"simplyswords:magic_bow_shoot_flyby_01",1981
"simplyswords:magic_bow_shoot_flyby_02",1982
"simplyswords:magic_bow_shoot_flyby_03",1983
"simplyswords:magic_bow_shoot_impact_01",1984
"simplyswords:magic_bow_shoot_impact_02",1985
"simplyswords:magic_bow_shoot_impact_03",1986
"simplyswords:magic_bow_shoot_miss_01",1987
"simplyswords:magic_bow_shoot_miss_02",1988
"simplyswords:magic_bow_shoot_miss_03",1989
"simplyswords:magic_shamanic_nordic_02",2023
"simplyswords:magic_shamanic_nordic_21",2024
"simplyswords:magic_shamanic_nordic_22",2025
"simplyswords:magic_shamanic_nordic_23",2026
"simplyswords:magic_shamanic_nordic_27",2027
"simplyswords:magic_shamanic_voice_04",2019
"simplyswords:magic_shamanic_voice_12",2020
"simplyswords:magic_shamanic_voice_15",2021
"simplyswords:magic_shamanic_voice_20",2022
"simplyswords:magic_sword_attack_01",1990
"simplyswords:magic_sword_attack_02",1991
"simplyswords:magic_sword_attack_03",1992
"simplyswords:magic_sword_attack_04",1993
"simplyswords:magic_sword_attack_with_blood_01",1994
"simplyswords:magic_sword_attack_with_blood_02",1995
"simplyswords:magic_sword_attack_with_blood_03",1996
"simplyswords:magic_sword_attack_with_blood_04",1997
"simplyswords:magic_sword_block_01",1998
"simplyswords:magic_sword_block_02",1999
"simplyswords:magic_sword_breaks",2000
"simplyswords:magic_sword_parry_01",2001
"simplyswords:magic_sword_parry_02",2002
"simplyswords:magic_sword_parry_03",2003
"simplyswords:magic_sword_parry_04",2004
"simplyswords:magic_sword_parry_various_hits",2005
"simplyswords:magic_sword_spell_01",2006
"simplyswords:magic_sword_spell_02",2007
"simplyswords:magic_sword_spell_03",2008
"simplyswords:magic_sword_whoosh_01",2009
"simplyswords:magic_sword_whoosh_02",2010
"simplyswords:magic_sword_whoosh_03",2011
"simplyswords:magic_sword_whoosh_04",2012
"simplyswords:magic_sword_whoosh_05",2013
"simplyswords:magic_sword_whoosh_06",2014
"simplyswords:magic_sword_whoosh_07",2015
"simplyswords:object_impact_thud",2030
"simplyswords:object_impact_thud_repeat",2031
"simplyswords:slash_01",2017
"simplyswords:spell_fire",2016
"simplyswords:spell_misc_02",2018
"simplyswords:stone_slide_loop_03",2029
"simplyswords:swing_normal",1874
"simplyswords:swing_omen_one",1879
"simplyswords:swing_omen_two",1880
"simplyswords:swing_scifi",1873
"simplyswords:swing_small",1872
"simplyswords:swing_woosh",1875
"simplyswords:throw_mjolnir",1876
"simplyswords:throw_mjolnir_long",1878
"simplyswords:throw_mjolnir_short",1877
"smallships:cannon_shot",2039
"smallships:sail_move",2037
"smallships:sail_pull",2038
"smallships:ship_hit",2040
"spectrum:air_launch_belt_charging",2124
"spectrum:ambient.crystal_aura",2137
"spectrum:ambient.dimension_sounds",2132
"spectrum:ambient.howling_wind_high",2133
"spectrum:ambient.howling_wind_low",2134
"spectrum:ambient.laments",2136
"spectrum:ambient.rain_shower",2135
"spectrum:armor_equip_glow_vision",2117
"spectrum:bident_hit_ground",2066
"spectrum:bident_mirror_image_thrown",2065
"spectrum:black_hole_chest_close",2139
"spectrum:black_hole_chest_open",2138
"spectrum:block.citrine_block.break",2163
"spectrum:block.citrine_block.chime",2179
"spectrum:block.citrine_block.fall",2167
"spectrum:block.citrine_block.hit",2166
"spectrum:block.citrine_block.place",2165
"spectrum:block.citrine_block.step",2164
"spectrum:block.citrine_cluster.break",2168
"spectrum:block.citrine_cluster.fall",2172
"spectrum:block.citrine_cluster.hit",2171
"spectrum:block.citrine_cluster.place",2170
"spectrum:block.citrine_cluster.step",2169
"spectrum:block.large_citrine_bud.break",2177
"spectrum:block.large_citrine_bud.place",2178
"spectrum:block.large_moonstone_bud.break",2228
"spectrum:block.large_moonstone_bud.place",2229
"spectrum:block.large_onyx_bud.break",2211
"spectrum:block.large_onyx_bud.place",2212
"spectrum:block.large_topaz_bud.break",2194
"spectrum:block.large_topaz_bud.place",2195
"spectrum:block.medium_citrine_bud.break",2175
"spectrum:block.medium_citrine_bud.place",2176
"spectrum:block.medium_moonstone_bud.break",2226
"spectrum:block.medium_moonstone_bud.place",2227
"spectrum:block.medium_onyx_bud.break",2209
"spectrum:block.medium_onyx_bud.place",2210
"spectrum:block.medium_topaz_bud.break",2192
"spectrum:block.medium_topaz_bud.place",2193
"spectrum:block.memory.advance",2156
"spectrum:block.modular_explosive.explode",2162
"spectrum:block.moonstone_block.break",2214
"spectrum:block.moonstone_block.chime",2230
"spectrum:block.moonstone_block.fall",2218
"spectrum:block.moonstone_block.hit",2217
"spectrum:block.moonstone_block.place",2216
"spectrum:block.moonstone_block.step",2215
"spectrum:block.moonstone_cluster.break",2219
"spectrum:block.moonstone_cluster.fall",2223
"spectrum:block.moonstone_cluster.hit",2222
"spectrum:block.moonstone_cluster.place",2221
"spectrum:block.moonstone_cluster.step",2220
"spectrum:block.onyx_block.break",2197
"spectrum:block.onyx_block.chime",2213
"spectrum:block.onyx_block.fall",2201
"spectrum:block.onyx_block.hit",2200
"spectrum:block.onyx_block.place",2199
"spectrum:block.onyx_block.step",2198
"spectrum:block.onyx_cluster.break",2202
"spectrum:block.onyx_cluster.fall",2206
"spectrum:block.onyx_cluster.hit",2205
"spectrum:block.onyx_cluster.place",2204
"spectrum:block.onyx_cluster.step",2203
"spectrum:block.parametric_mining_device.throw",2161
"spectrum:block.redstone_mechanism.break_block",2071
"spectrum:block.redstone_mechanism.trigger",2070
"spectrum:block.small_citrine_bud.break",2173
"spectrum:block.small_citrine_bud.place",2174
"spectrum:block.small_moonstone_bud.break",2224
"spectrum:block.small_moonstone_bud.place",2225
"spectrum:block.small_onyx_bud.break",2207
"spectrum:block.small_onyx_bud.place",2208
"spectrum:block.small_topaz_bud.break",2190
"spectrum:block.small_topaz_bud.place",2191
"spectrum:block.spectral_block.break",2231
"spectrum:block.spectral_block.chime",2236
"spectrum:block.spectral_block.fall",2234
"spectrum:block.spectral_block.hit",2235
"spectrum:block.spectral_block.place",2233
"spectrum:block.spectral_block.step",2232
"spectrum:block.threat_conflux.arm",2158
"spectrum:block.threat_conflux.disarm",2160
"spectrum:block.threat_conflux.prime",2159
"spectrum:block.topaz_block.break",2180
"spectrum:block.topaz_block.chime",2196
"spectrum:block.topaz_block.fall",2184
"spectrum:block.topaz_block.hit",2183
"spectrum:block.topaz_block.place",2182
"spectrum:block.topaz_block.step",2181
"spectrum:block.topaz_cluster.break",2185
"spectrum:block.topaz_cluster.fall",2189
"spectrum:block.topaz_cluster.hit",2188
"spectrum:block.topaz_cluster.place",2187
"spectrum:block.topaz_cluster.step",2186
"spectrum:bottomless_bundle_zip",2064
"spectrum:celestial_pocket_watch_sky_fly_by",2079
"spectrum:celestial_pocket_watch_ticking",2078
"spectrum:color_picker_processing",2131
"spectrum:compacting_chest_close",2141
"spectrum:compacting_chest_open",2140
"spectrum:crafting_ding",2075
"spectrum:critical_crunch",2096
"spectrum:crystal_strike",2091
"spectrum:deep_crystal_ring",2088
"spectrum:deeper_down_portal_open",2154
"spectrum:discharge",2103
"spectrum:dreamflayer_activate",2142
"spectrum:dreamflayer_deactivate",2143
"spectrum:enchanter_finish",2074
"spectrum:enchanter_working",2073
"spectrum:ender_splice_bound",2120
"spectrum:ender_splice_charges",2119
"spectrum:entity.block_flooder.throw",2068
"spectrum:entity.egg_laying_wooly_pig.ambient",2258
"spectrum:entity.egg_laying_wooly_pig.death",2260
"spectrum:entity.egg_laying_wooly_pig.hurt",2259
"spectrum:entity.egg_laying_wooly_pig.step",2261
"spectrum:entity.eraser.ambient",2262
"spectrum:entity.eraser.death",2264
"spectrum:entity.eraser.hurt",2263
"spectrum:entity.eraser.step",2265
"spectrum:entity.kindling.ambient",2252
"spectrum:entity.kindling.angry",2256
"spectrum:entity.kindling.death",2254
"spectrum:entity.kindling.hurt",2253
"spectrum:entity.kindling.jump",2257
"spectrum:entity.kindling.shoot",2255
"spectrum:entity.lizard.ambient",2249
"spectrum:entity.lizard.death",2251
"spectrum:entity.lizard.hurt",2250
"spectrum:entity.monstrosity.ambient",2246
"spectrum:entity.monstrosity.growl",2248
"spectrum:entity.monstrosity.hurt",2247
"spectrum:entity.monstrosity.shoot",2244
"spectrum:entity.monstrosity.swoop",2245
"spectrum:entity.preservation_turret.ambient",2237
"spectrum:entity.preservation_turret.close",2241
"spectrum:entity.preservation_turret.death",2238
"spectrum:entity.preservation_turret.hurt",2240
"spectrum:entity.preservation_turret.hurt_closed",2239
"spectrum:entity.preservation_turret.open",2242
"spectrum:entity.preservation_turret.shoot",2243
"spectrum:exchanging_staff_select",2122
"spectrum:fading_placed",2150
"spectrum:failing_placed",2151
"spectrum:forfeiture_placed",2153
"spectrum:fusion_shrine_crafting",2060
"spectrum:fusion_shrine_crafting_aborted",2062
"spectrum:fusion_shrine_crafting_finished",2061
"spectrum:glass_shimmer",2094
"spectrum:ground_slam",2087
"spectrum:ground_slam_charge",2086
"spectrum:hummingstone_hum",2130
"spectrum:impact_base",2097
"spectrum:impaling_hit",2098
"spectrum:incandescent_arm",2109
"spectrum:incandescent_charge",2108
"spectrum:ink_projectile_hit",2084
"spectrum:ink_projectile_launch",2085
"spectrum:item.guidebook.pages",2072
"spectrum:item.omni_accelerator.shoot",2069
"spectrum:item.primordial_lighter.use",2157
"spectrum:legendary_weapon_craft",2099
"spectrum:light_crystal_ring",2090
"spectrum:liquid_crystal_ambient",2147
"spectrum:lunge",2105
"spectrum:lunge_crit",2106
"spectrum:metal_hit",2100
"spectrum:metal_tap",2101
"spectrum:metallic_unsheathe",2102
"spectrum:mid_crystal_ring",2089
"spectrum:midnight_aberration_crumbling",2127
"spectrum:midnight_solution_ambient",2149
"spectrum:moonstone_strike",2067
"spectrum:mud_ambient",2148
"spectrum:music.credits",2042
"spectrum:music.deeper_down.black_langast",2044
"spectrum:music.deeper_down.crystal_gardens",2045
"spectrum:music.deeper_down.deep_barrens",2046
"spectrum:music.deeper_down.deep_dripstone_caves",2047
"spectrum:music.deeper_down.dragonrot_swamp",2048
"spectrum:music.deeper_down.howling_spires",2049
"spectrum:music.deeper_down.noxshroom_forest",2050
"spectrum:music.deeper_down.razor_edge",2051
"spectrum:music.discovery",2041
"spectrum:music.divinity",2043
"spectrum:natures_staff_use",2121
"spectrum:overcharging",2125
"spectrum:paintbrush_paint",2081
"spectrum:paintbrush_select",2083
"spectrum:paintbrush_switch",2082
"spectrum:paintbrush_trigger",2080
"spectrum:pedestal_crafting",2052
"spectrum:pedestal_crafting_finished_amethyst",2054
"spectrum:pedestal_crafting_finished_citrine",2055
"spectrum:pedestal_crafting_finished_generic",2053
"spectrum:pedestal_crafting_finished_moonstone",2058
"spectrum:pedestal_crafting_finished_onyx",2057
"spectrum:pedestal_crafting_finished_topaz",2056
"spectrum:pedestal_upgrade",2059
"spectrum:perfect_parry",2104
"spectrum:player_teleports",2118
"spectrum:primordial_fire_crackle",2111
"spectrum:primordial_fire_dot",2112
"spectrum:puff_circlet",2126
"spectrum:radiance_pin_trigger",2123
"spectrum:radiance_staff_break",2146
"spectrum:radiance_staff_charging",2144
"spectrum:radiance_staff_place",2145
"spectrum:ruin_placed",2152
"spectrum:shatter_heavy",2093
"spectrum:shatter_light",2092
"spectrum:shooting_star_cracker",2110
"spectrum:soft_hum",2095
"spectrum:spectrum.ui.button_click",2063
"spectrum:spectrum.ui.new_recipe",2116
"spectrum:spectrum.ui.new_revelation",2115
"spectrum:spectrum.ui.text_revealed",2113
"spectrum:spirit_instiller_crafting",2076
"spectrum:spirit_instiller_crafting_finished",2077
"spectrum:squeaker",2155
"spectrum:structure_success",2128
"spectrum:sword_block",2107
"spectrum:unlock",2129
"spectrum:use_fail",2114
"staminafortweakers:breath_scared",2266
"subtle_effects:block.amethyst_cluster.chime",2271
"subtle_effects:block.campfire.sizzle",2272
"subtle_effects:block.lava.drip",2275
"subtle_effects:block.lava.drip_into_fluid",2277
"subtle_effects:block.water.drip",2274
"subtle_effects:block.water.drip_into_fluid",2276
"subtle_effects:entity.egg.break",2273
"subtle_effects:entity.player.heartbeat",2270
"subtle_effects:entity.player.snore",2268
"subtle_effects:entity.player.stomach_growl",2269
"subtle_effects:entity.villager.snore",2267
"supplementaries:block.awning.bounce",2305
"supplementaries:block.bellows.blow",2340
"supplementaries:block.bellows.retract",2341
"supplementaries:block.blackboard.draw",2294
"supplementaries:block.bubble_block.break",2322
"supplementaries:block.bubble_block.place",2323
"supplementaries:block.cannon.fire",2325
"supplementaries:block.cannon.ignite",2326
"supplementaries:block.clock.tick_1",2286
"supplementaries:block.clock.tick_2",2287
"supplementaries:block.crank",2292
"supplementaries:block.faucet.turn",2343
"supplementaries:block.globe.spin",2342
"supplementaries:block.gunpowder.ignite",2291
"supplementaries:block.jar.break",2338
"supplementaries:block.jar.cookie",2339
"supplementaries:block.jar.place",2337
"supplementaries:block.note_block.imitate.enderman",2349
"supplementaries:block.present.break",2306
"supplementaries:block.present.fall",2310
"supplementaries:block.present.hit",2309
"supplementaries:block.present.open",2311
"supplementaries:block.present.pack",2312
"supplementaries:block.present.place",2307
"supplementaries:block.present.step",2308
"supplementaries:block.rope.break",2316
"supplementaries:block.rope.fall",2320
"supplementaries:block.rope.hit",2319
"supplementaries:block.rope.place",2317
"supplementaries:block.rope.slide",2321
"supplementaries:block.rope.step",2318
"supplementaries:block.rotate",2293
"supplementaries:block.sack.break",2313
"supplementaries:block.sack.open",2315
"supplementaries:block.sack.place",2314
"supplementaries:block.slidy_block.break",2329
"supplementaries:block.slidy_block.fall",2331
"supplementaries:block.slidy_block.hit",2330
"supplementaries:block.slidy_block.place",2328
"supplementaries:block.slidy_block.slide",2333
"supplementaries:block.slidy_block.step",2332
"supplementaries:block.turntable.cat",2285
"supplementaries:entity.brick.throw",2303
"supplementaries:entity.cannonball.bounce",2299
"supplementaries:entity.cannonball.break",2298
"supplementaries:entity.slimeball.bounce",2301
"supplementaries:entity.slimeball.throw",2302
"supplementaries:entity.slimed",2300
"supplementaries:item.bomb",2288
"supplementaries:item.bubble_blower",2324
"supplementaries:item.confetti_popper",2327
"supplementaries:item.lunch_basket.close",2335
"supplementaries:item.lunch_basket.insert",2336
"supplementaries:item.lunch_basket.open",2334
"supplementaries:item.slingshot.charge_0",2344
"supplementaries:item.slingshot.charge_1",2345
"supplementaries:item.slingshot.charge_2",2346
"supplementaries:item.slingshot.charge_3",2347
"supplementaries:item.slingshot.release",2348
"supplementaries:item.soap.wash",2304
"supplementaries:item.wrench.fail",2297
"supplementaries:item.wrench.hit",2296
"supplementaries:item.wrench.rotate",2295
"supplementaries:music.heave_ho",2290
"supplementaries:music.pancake",2289
"treechop:chop_wood",2278
"vc_gliders:glider_open",2279
"vc_gliders:incoming_lightning",2282
"vc_gliders:space_deploy",2281
"vc_gliders:space_glide",2280
